timestamp,demanda_real_mw,demanda_predicha_mw,error_abs_mw,error_pct
2026-01-08 00:00:00,26908.09,26399.57,508.52,1.89
2026-01-08 01:00:00,25564.19,25328.06,236.13,0.924
2026-01-08 02:00:00,25070.34,24610.15,460.19,1.836
2026-01-08 03:00:00,24999.14,24896.43,102.72,0.411
2026-01-08 04:00:00,25693.91,26595.4,901.48,3.509
2026-01-08 05:00:00,29095.25,30317.18,1221.94,4.2
2026-01-08 06:00:00,34302.44,33570.29,732.15,2.134
2026-01-08 07:00:00,37527.91,35747.23,1780.68,4.745
2026-01-08 08:00:00,38107.99,37202.29,905.7,2.377
2026-01-08 09:00:00,37880.6,37367.69,512.91,1.354
2026-01-08 10:00:00,37008.79,36980.42,28.37,0.077
2026-01-08 11:00:00,36496.06,36790.35,294.29,0.806
2026-01-08 12:00:00,36464.11,36229.42,234.69,0.644
2026-01-08 13:00:00,36471.16,35762.35,708.81,1.943
2026-01-08 14:00:00,36465.64,35475.05,990.59,2.717
2026-01-08 15:00:00,36625.0,35867.15,757.85,2.069
2026-01-08 16:00:00,37430.71,36712.1,718.61,1.92
2026-01-08 17:00:00,39313.9,37868.69,1445.21,3.676
2026-01-08 18:00:00,40362.8,38710.4,1652.4,4.094
2026-01-08 19:00:00,41083.99,38738.26,2345.73,5.71
2026-01-08 20:00:00,39655.58,37436.98,2218.6,5.595
2026-01-08 21:00:00,35808.38,34225.27,1583.11,4.421
2026-01-08 22:00:00,31612.13,31626.15,14.02,0.044
2026-01-08 23:00:00,28782.52,29517.53,735.01,2.554
2026-01-09 00:00:00,26719.97,27804.28,1084.31,4.058
2026-01-09 01:00:00,25314.51,26725.52,1411.01,5.574
2026-01-09 02:00:00,24708.53,26215.02,1506.49,6.097
2026-01-09 03:00:00,24555.23,26355.98,1800.76,7.334
2026-01-09 04:00:00,25438.78,27404.62,1965.84,7.728
2026-01-09 05:00:00,28815.91,30228.19,1412.28,4.901
2026-01-09 06:00:00,33940.41,33297.1,643.31,1.895
2026-01-09 07:00:00,36896.82,35296.39,1600.43,4.338
2026-01-09 08:00:00,37594.35,36464.35,1130.0,3.006
2026-01-09 09:00:00,37090.2,36595.06,495.14,1.335
2026-01-09 10:00:00,35998.03,35980.58,17.45,0.048
2026-01-09 11:00:00,35454.42,35491.85,37.43,0.106
2026-01-09 12:00:00,35205.13,35029.98,175.16,0.498
2026-01-09 13:00:00,34971.55,34630.45,341.1,0.975
2026-01-09 14:00:00,34592.77,34274.45,318.32,0.92
2026-01-09 15:00:00,34775.41,34116.79,658.62,1.894
2026-01-09 16:00:00,35451.7,34553.18,898.52,2.534
2026-01-09 17:00:00,37229.87,35547.64,1682.22,4.518
2026-01-09 18:00:00,38052.29,36431.97,1620.32,4.258
2026-01-09 19:00:00,38176.04,36622.41,1553.63,4.07
2026-01-09 20:00:00,37303.66,35606.36,1697.31,4.55
2026-01-09 21:00:00,34145.11,32991.26,1153.86,3.379
2026-01-09 22:00:00,31042.22,30436.32,605.9,1.952
2026-01-09 23:00:00,28748.62,28113.44,635.18,2.209
2026-01-10 00:00:00,26538.68,26525.58,13.1,0.049
2026-01-10 01:00:00,24935.45,25307.9,372.46,1.494
2026-01-10 02:00:00,23924.29,24457.02,532.73,2.227
2026-01-10 03:00:00,23424.71,24082.78,658.07,2.809
2026-01-10 04:00:00,23341.84,24405.17,1063.33,4.555
2026-01-10 05:00:00,24136.8,25586.25,1449.45,6.005
2026-01-10 06:00:00,25697.82,27570.79,1872.97,7.288
2026-01-10 07:00:00,27521.01,29570.09,2049.08,7.446
2026-01-10 08:00:00,29397.58,30878.71,1481.12,5.038
2026-01-10 09:00:00,30120.33,31031.11,910.78,3.024
2026-01-10 10:00:00,29814.02,30559.56,745.54,2.501
2026-01-10 11:00:00,29150.08,30388.62,1238.55,4.249
2026-01-10 12:00:00,29387.04,30312.26,925.22,3.148
2026-01-10 13:00:00,29529.05,29910.33,381.28,1.291
2026-01-10 14:00:00,28966.53,29786.51,819.97,2.831
2026-01-10 15:00:00,29089.88,29749.04,659.15,2.266
2026-01-10 16:00:00,30081.57,30000.43,81.15,0.27
2026-01-10 17:00:00,32246.42,31176.04,1070.38,3.319
2026-01-10 18:00:00,33247.98,32839.04,408.95,1.23
2026-01-10 19:00:00,33886.1,33437.53,448.57,1.324
2026-01-10 20:00:00,33825.62,32531.51,1294.11,3.826
2026-01-10 21:00:00,31578.86,30800.66,778.2,2.464
2026-01-10 22:00:00,29174.53,28686.85,487.68,1.672
2026-01-10 23:00:00,26700.41,26416.68,283.73,1.063
2026-01-11 00:00:00,24568.02,24604.78,36.76,0.15
2026-01-11 01:00:00,22971.81,22961.78,10.04,0.044
2026-01-11 02:00:00,22073.71,21626.97,446.73,2.024
2026-01-11 03:00:00,21668.77,20792.27,876.5,4.045
2026-01-11 04:00:00,21673.95,20890.41,783.55,3.615
2026-01-11 05:00:00,22267.68,22719.57,451.89,2.029
2026-01-11 06:00:00,23206.13,25728.48,2522.35,10.869
2026-01-11 07:00:00,24529.17,28477.99,3948.82,16.098
2026-01-11 08:00:00,26211.01,29320.22,3109.21,11.862
2026-01-11 09:00:00,27487.75,29464.07,1976.32,7.19
2026-01-11 10:00:00,27576.43,29567.18,1990.75,7.219
2026-01-11 11:00:00,27287.15,29963.34,2676.19,9.808
2026-01-11 12:00:00,27611.44,29881.38,2269.94,8.221
2026-01-11 13:00:00,28023.74,29666.81,1643.07,5.863
2026-01-11 14:00:00,27583.67,29480.74,1897.07,6.878
2026-01-11 15:00:00,27607.2,29819.2,2212.01,8.012
2026-01-11 16:00:00,28724.49,30506.16,1781.67,6.203
2026-01-11 17:00:00,31618.95,32285.33,666.38,2.108
2026-01-11 18:00:00,33571.86,34338.32,766.45,2.283
2026-01-11 19:00:00,34480.52,34895.64,415.11,1.204
2026-01-11 20:00:00,33927.25,33280.8,646.45,1.905
2026-01-11 21:00:00,31670.84,30639.85,1030.99,3.255
2026-01-11 22:00:00,28541.16,28181.03,360.13,1.262
2026-01-11 23:00:00,25738.15,26017.55,279.4,1.086
2026-01-12 00:00:00,23876.02,24599.74,723.73,3.031
2026-01-12 01:00:00,22862.25,23709.54,847.29,3.706
2026-01-12 02:00:00,22411.55,22984.39,572.84,2.556
2026-01-12 03:00:00,22430.04,23188.37,758.33,3.381
2026-01-12 04:00:00,23526.75,24624.27,1097.52,4.665
2026-01-12 05:00:00,27596.28,27889.11,292.83,1.061
2026-01-12 06:00:00,33291.71,31864.92,1426.8,4.286
2026-01-12 07:00:00,36540.27,34931.2,1609.07,4.404
2026-01-12 08:00:00,36913.56,36229.88,683.69,1.852
2026-01-12 09:00:00,36320.65,35674.02,646.63,1.78
2026-01-12 10:00:00,35322.77,35144.23,178.54,0.505
2026-01-12 11:00:00,34817.77,35006.69,188.92,0.543
2026-01-12 12:00:00,34758.85,34670.83,88.02,0.253
2026-01-12 13:00:00,34598.43,34507.63,90.79,0.262
2026-01-12 14:00:00,34339.73,34048.81,290.92,0.847
2026-01-12 15:00:00,34268.16,34198.32,69.84,0.204
2026-01-12 16:00:00,35374.47,34989.6,384.88,1.088
2026-01-12 17:00:00,37459.36,36868.46,590.91,1.577
2026-01-12 18:00:00,38790.87,37781.22,1009.65,2.603
2026-01-12 19:00:00,39628.09,37502.46,2125.63,5.364
2026-01-12 20:00:00,38501.9,35503.49,2998.41,7.788
2026-01-12 21:00:00,34651.36,32416.98,2234.38,6.448
2026-01-12 22:00:00,30655.88,29725.24,930.64,3.036
2026-01-12 23:00:00,27902.76,27356.69,546.07,1.957
2026-01-13 00:00:00,25800.56,25640.66,159.9,0.62
2026-01-13 01:00:00,24590.5,24601.71,11.21,0.046
2026-01-13 02:00:00,24143.51,23886.29,257.22,1.065
2026-01-13 03:00:00,24109.15,24212.75,103.6,0.43
2026-01-13 04:00:00,24933.42,25888.67,955.26,3.831
2026-01-13 05:00:00,28559.77,29624.95,1065.18,3.73
2026-01-13 06:00:00,33697.28,33031.8,665.48,1.975
2026-01-13 07:00:00,36704.36,35397.64,1306.71,3.56
2026-01-13 08:00:00,36942.68,36319.68,623.0,1.686
2026-01-13 09:00:00,36658.7,35495.35,1163.35,3.173
2026-01-13 10:00:00,36505.81,35203.48,1302.33,3.567
2026-01-13 11:00:00,36013.38,35250.65,762.73,2.118
2026-01-13 12:00:00,36052.93,35099.0,953.94,2.646
2026-01-13 13:00:00,36025.93,35000.22,1025.71,2.847
2026-01-13 14:00:00,35845.14,34611.0,1234.14,3.443
2026-01-13 15:00:00,35949.16,34619.54,1329.62,3.699
2026-01-13 16:00:00,36427.89,35166.67,1261.22,3.462
2026-01-13 17:00:00,38045.73,36798.66,1247.08,3.278
2026-01-13 18:00:00,39332.24,37700.61,1631.64,4.148
2026-01-13 19:00:00,40154.28,37586.39,2567.89,6.395
2026-01-13 20:00:00,38965.65,35956.01,3009.64,7.724
2026-01-13 21:00:00,34997.39,32834.1,2163.29,6.181
2026-01-13 22:00:00,31089.62,30093.46,996.16,3.204
2026-01-13 23:00:00,27621.16,27705.8,84.63,0.306
2026-01-14 00:00:00,25708.7,25964.95,256.25,0.997
2026-01-14 01:00:00,24557.63,24835.88,278.25,1.133
2026-01-14 02:00:00,24063.55,24003.88,59.67,0.248
2026-01-14 03:00:00,24034.21,24201.31,167.1,0.695
2026-01-14 04:00:00,24816.43,25797.71,981.28,3.954
2026-01-14 05:00:00,28141.87,29525.39,1383.52,4.916
2026-01-14 06:00:00,33080.3,32980.51,99.8,0.302
2026-01-14 07:00:00,36052.01,35379.23,672.78,1.866
2026-01-14 08:00:00,36514.56,36396.73,117.83,0.323
2026-01-14 09:00:00,36181.19,35646.61,534.59,1.478
2026-01-14 10:00:00,35068.3,35189.26,120.95,0.345
2026-01-14 11:00:00,34269.54,35011.84,742.3,2.166
2026-01-14 12:00:00,34227.27,34521.36,294.09,0.859
2026-01-14 13:00:00,34041.26,34206.37,165.11,0.485
2026-01-14 14:00:00,33919.28,33527.7,391.58,1.154
2026-01-14 15:00:00,34105.21,33485.93,619.28,1.816
2026-01-14 16:00:00,34728.02,34162.05,565.97,1.63
2026-01-14 17:00:00,36593.44,36000.8,592.64,1.62
2026-01-14 18:00:00,38073.32,36933.79,1139.53,2.993
2026-01-14 19:00:00,39071.25,36904.46,2166.79,5.546
2026-01-14 20:00:00,37865.52,35501.05,2364.46,6.244
2026-01-14 21:00:00,34387.6,32243.57,2144.03,6.235
2026-01-14 22:00:00,30797.0,29577.96,1219.04,3.958
2026-01-14 23:00:00,28063.57,27363.79,699.78,2.494
2026-01-15 00:00:00,26146.22,25941.65,204.57,0.782
2026-01-15 01:00:00,24839.58,24930.03,90.45,0.364
2026-01-15 02:00:00,24357.83,24112.74,245.09,1.006
2026-01-15 03:00:00,24307.96,24299.41,8.54,0.035
2026-01-15 04:00:00,25179.7,25931.14,751.44,2.984
2026-01-15 05:00:00,28567.41,29450.13,882.72,3.09
2026-01-15 06:00:00,33745.34,32854.39,890.95,2.64
2026-01-15 07:00:00,36643.83,35244.83,1399.0,3.818
2026-01-15 08:00:00,36728.74,36660.88,67.86,0.185
2026-01-15 09:00:00,35997.75,36655.14,657.39,1.826
2026-01-15 10:00:00,34870.11,36138.14,1268.04,3.636
2026-01-15 11:00:00,34645.55,35818.25,1172.7,3.385
2026-01-15 12:00:00,34847.74,35177.81,330.07,0.947
2026-01-15 13:00:00,35059.15,34723.23,335.92,0.958
2026-01-15 14:00:00,34996.87,34460.43,536.45,1.533
2026-01-15 15:00:00,35287.7,34825.21,462.49,1.311
2026-01-15 16:00:00,36070.04,35710.09,359.95,0.998
2026-01-15 17:00:00,37664.39,37122.6,541.79,1.438
2026-01-15 18:00:00,38846.71,38043.01,803.7,2.069
2026-01-15 19:00:00,39540.64,38093.23,1447.4,3.661
2026-01-15 20:00:00,38192.71,36880.34,1312.37,3.436
2026-01-15 21:00:00,34500.77,33656.38,844.39,2.447
2026-01-15 22:00:00,30740.8,31019.44,278.63,0.906
2026-01-15 23:00:00,28221.39,28930.93,709.54,2.514
2026-01-16 00:00:00,26320.16,27352.49,1032.33,3.922
2026-01-16 01:00:00,25042.23,26379.76,1337.53,5.341
2026-01-16 02:00:00,24514.06,25898.94,1384.88,5.649
2026-01-16 03:00:00,24327.66,26059.46,1731.8,7.119
2026-01-16 04:00:00,25087.54,27141.64,2054.1,8.188
2026-01-16 05:00:00,28212.41,29891.59,1679.18,5.952
2026-01-16 06:00:00,33116.44,32870.37,246.07,0.743
2026-01-16 07:00:00,35917.91,34765.75,1152.16,3.208
2026-01-16 08:00:00,36400.73,35816.17,584.56,1.606
2026-01-16 09:00:00,36332.52,35825.46,507.06,1.396
2026-01-16 10:00:00,35626.33,35146.05,480.28,1.348
2026-01-16 11:00:00,35271.31,34658.45,612.86,1.738
2026-01-16 12:00:00,35205.67,34245.42,960.25,2.728
2026-01-16 13:00:00,34761.64,33906.96,854.67,2.459
2026-01-16 14:00:00,34263.79,33582.55,681.23,1.988
2026-01-16 15:00:00,34326.92,33419.97,906.95,2.642
2026-01-16 16:00:00,34873.68,33825.95,1047.73,3.004
2026-01-16 17:00:00,36386.86,34821.0,1565.86,4.303
2026-01-16 18:00:00,37236.21,35785.98,1450.23,3.895
2026-01-16 19:00:00,37463.7,36041.36,1422.34,3.797
2026-01-16 20:00:00,36305.29,35045.57,1259.71,3.47
2026-01-16 21:00:00,33402.5,32434.33,968.18,2.899
2026-01-16 22:00:00,30349.55,29916.75,432.8,1.426
2026-01-16 23:00:00,28129.13,27585.0,544.13,1.934
2026-01-17 00:00:00,26022.86,25919.16,103.7,0.398
2026-01-17 01:00:00,24542.78,24614.33,71.55,0.292
2026-01-17 02:00:00,23550.12,23688.3,138.18,0.587
2026-01-17 03:00:00,23094.21,23269.7,175.48,0.76
2026-01-17 04:00:00,23016.35,23596.46,580.12,2.52
2026-01-17 05:00:00,23881.96,24859.02,977.06,4.091
2026-01-17 06:00:00,25429.19,26916.65,1487.46,5.849
2026-01-17 07:00:00,27307.6,28934.75,1627.14,5.959
2026-01-17 08:00:00,29726.77,30250.45,523.67,1.762
2026-01-17 09:00:00,31521.97,30497.99,1023.98,3.248
2026-01-17 10:00:00,31862.78,30268.68,1594.09,5.003
2026-01-17 11:00:00,31816.75,30419.74,1397.01,4.391
2026-01-17 12:00:00,32272.16,30765.97,1506.18,4.667
2026-01-17 13:00:00,32025.77,30778.75,1247.02,3.894
2026-01-17 14:00:00,30992.09,30961.41,30.68,0.099
2026-01-17 15:00:00,30140.2,31141.73,1001.54,3.323
2026-01-17 16:00:00,30297.96,31409.54,1111.58,3.669
2026-01-17 17:00:00,31962.07,32260.31,298.24,0.933
2026-01-17 18:00:00,32845.98,33536.77,690.79,2.103
2026-01-17 19:00:00,33387.89,34003.61,615.72,1.844
2026-01-17 20:00:00,33144.24,33179.12,34.89,0.105
2026-01-17 21:00:00,30994.69,31310.12,315.44,1.018
2026-01-17 22:00:00,28641.6,29009.47,367.88,1.284
2026-01-17 23:00:00,26197.71,26408.36,210.66,0.804
2026-01-18 00:00:00,24185.82,24298.91,113.09,0.468
2026-01-18 01:00:00,22808.88,22480.04,328.85,1.442
2026-01-18 02:00:00,21952.65,21078.88,873.77,3.98
2026-01-18 03:00:00,21548.03,20183.97,1364.06,6.33
2026-01-18 04:00:00,21584.69,19981.38,1603.31,7.428
2026-01-18 05:00:00,22115.39,21440.01,675.38,3.054
2026-01-18 06:00:00,23080.45,24238.1,1157.65,5.016
2026-01-18 07:00:00,24339.27,26998.43,2659.16,10.925
2026-01-18 08:00:00,26262.75,28167.18,1904.43,7.251
2026-01-18 09:00:00,27799.05,28574.86,775.81,2.791
2026-01-18 10:00:00,28375.91,28850.71,474.81,1.673
2026-01-18 11:00:00,28550.46,29431.56,881.09,3.086
2026-01-18 12:00:00,29468.91,29582.42,113.51,0.385
2026-01-18 13:00:00,29553.65,29669.17,115.52,0.391
2026-01-18 14:00:00,28442.56,29758.4,1315.84,4.626
2026-01-18 15:00:00,28084.66,30226.16,2141.5,7.625
2026-01-18 16:00:00,28704.0,30866.31,2162.31,7.533
2026-01-18 17:00:00,31083.52,32422.86,1339.34,4.309
2026-01-18 18:00:00,32900.83,34284.29,1383.46,4.205
2026-01-18 19:00:00,34009.74,34787.09,777.35,2.286
2026-01-18 20:00:00,33672.49,33267.57,404.93,1.203
2026-01-18 21:00:00,31430.75,30696.95,733.8,2.335
2026-01-18 22:00:00,28512.94,28182.42,330.51,1.159
2026-01-18 23:00:00,25937.87,25968.2,30.32,0.117
2026-01-19 00:00:00,24039.27,24506.59,467.32,1.944
2026-01-19 01:00:00,22994.38,23602.61,608.23,2.645
2026-01-19 02:00:00,22446.37,22897.9,451.53,2.012
2026-01-19 03:00:00,22554.12,23088.93,534.82,2.371
2026-01-19 04:00:00,23625.6,24512.21,886.61,3.753
2026-01-19 05:00:00,27317.89,27748.54,430.65,1.576
2026-01-19 06:00:00,32972.87,31753.34,1219.53,3.699
2026-01-19 07:00:00,36141.73,34842.13,1299.6,3.596
2026-01-19 08:00:00,36817.84,36175.06,642.78,1.746
2026-01-19 09:00:00,36818.96,35617.73,1201.22,3.263
2026-01-19 10:00:00,36143.53,35129.82,1013.71,2.805
2026-01-19 11:00:00,35766.19,35077.63,688.55,1.925
2026-01-19 12:00:00,35719.08,34851.83,867.25,2.428
2026-01-19 13:00:00,35650.88,34786.73,864.14,2.424
2026-01-19 14:00:00,35405.59,34391.09,1014.51,2.865
2026-01-19 15:00:00,35294.93,34546.93,748.0,2.119
2026-01-19 16:00:00,35686.98,35350.02,336.96,0.944
2026-01-19 17:00:00,37305.52,37062.86,242.66,0.65
2026-01-19 18:00:00,38768.23,37861.94,906.29,2.338
2026-01-19 19:00:00,39573.05,37524.5,2048.55,5.177
2026-01-19 20:00:00,38508.17,35472.2,3035.98,7.884
2026-01-19 21:00:00,34747.48,32407.02,2340.46,6.736
2026-01-19 22:00:00,31000.24,29731.01,1269.23,4.094
2026-01-19 23:00:00,28249.9,27405.55,844.35,2.989
2026-01-20 00:00:00,26347.98,25719.1,628.88,2.387
2026-01-20 01:00:00,25108.58,24708.82,399.75,1.592
2026-01-20 02:00:00,24604.66,24000.65,604.01,2.455
2026-01-20 03:00:00,24604.44,24282.27,322.17,1.309
2026-01-20 04:00:00,25425.61,25872.04,446.42,1.756
2026-01-20 05:00:00,28869.84,29521.12,651.28,2.256
2026-01-20 06:00:00,34010.93,33015.02,995.91,2.928
2026-01-20 07:00:00,36911.11,35512.14,1398.97,3.79
2026-01-20 08:00:00,37385.04,36538.19,846.84,2.265
2026-01-20 09:00:00,37117.34,35776.83,1340.52,3.612
2026-01-20 10:00:00,36554.82,35391.29,1163.53,3.183
2026-01-20 11:00:00,35935.74,35334.32,601.41,1.674
2026-01-20 12:00:00,35952.54,35113.23,839.3,2.334
2026-01-20 13:00:00,35858.37,34979.91,878.45,2.45
2026-01-20 14:00:00,35478.43,34590.23,888.21,2.504
2026-01-20 15:00:00,35527.87,34612.33,915.54,2.577
2026-01-20 16:00:00,36176.74,35254.11,922.64,2.55
2026-01-20 17:00:00,37923.75,36930.58,993.17,2.619
2026-01-20 18:00:00,39437.14,37732.34,1704.8,4.323
2026-01-20 19:00:00,40292.35,37566.23,2726.12,6.766
2026-01-20 20:00:00,38959.49,35911.31,3048.18,7.824
2026-01-20 21:00:00,35181.8,32785.3,2396.49,6.812
2026-01-20 22:00:00,31309.36,30100.37,1208.98,3.861
2026-01-20 23:00:00,28572.69,27763.05,809.64,2.834
2026-01-21 00:00:00,26481.43,26083.42,398.01,1.503
2026-01-21 01:00:00,25107.43,24984.78,122.66,0.489
2026-01-21 02:00:00,24616.82,24173.61,443.22,1.8
2026-01-21 03:00:00,24414.29,24358.03,56.26,0.23
2026-01-21 04:00:00,25304.31,25914.04,609.72,2.41
2026-01-21 05:00:00,28787.63,29610.7,823.07,2.859
2026-01-21 06:00:00,33751.84,33109.5,642.34,1.903
2026-01-21 07:00:00,36728.2,35582.47,1145.72,3.119
2026-01-21 08:00:00,37237.99,36706.46,531.54,1.427
2026-01-21 09:00:00,37238.93,36024.05,1214.88,3.262
2026-01-21 10:00:00,36930.25,35546.73,1383.52,3.746
2026-01-21 11:00:00,36989.6,35422.55,1567.05,4.236
2026-01-21 12:00:00,37509.09,35156.54,2352.55,6.272
2026-01-21 13:00:00,37517.84,35117.1,2400.74,6.399
2026-01-21 14:00:00,37130.24,34773.11,2357.13,6.348
2026-01-21 15:00:00,36982.58,34921.43,2061.15,5.573
2026-01-21 16:00:00,37352.69,35716.19,1636.5,4.381
2026-01-21 17:00:00,38552.62,37272.84,1279.79,3.32
2026-01-21 18:00:00,39570.3,37888.56,1681.74,4.25
2026-01-21 19:00:00,40050.37,37546.23,2504.14,6.252
2026-01-21 20:00:00,38461.61,35672.88,2788.73,7.251
2026-01-21 21:00:00,34651.29,32441.16,2210.13,6.378
2026-01-21 22:00:00,30712.23,29819.99,892.24,2.905
2026-01-21 23:00:00,28134.47,27595.41,539.06,1.916
2026-01-22 00:00:00,26259.87,26080.96,178.91,0.681
2026-01-22 01:00:00,24896.03,25050.33,154.3,0.62
2026-01-22 02:00:00,24220.15,24430.34,210.19,0.868
2026-01-22 03:00:00,24200.79,24904.08,703.29,2.906
2026-01-22 04:00:00,24888.58,26952.17,2063.6,8.291
2026-01-22 05:00:00,28182.78,30756.8,2574.03,9.133
2026-01-22 06:00:00,33277.52,33673.87,396.36,1.191
2026-01-22 07:00:00,36097.87,35595.2,502.68,1.393
2026-01-22 08:00:00,36448.73,36991.93,543.2,1.49
2026-01-22 09:00:00,35703.72,36856.1,1152.38,3.228
2026-01-22 10:00:00,34752.21,36176.77,1424.57,4.099
2026-01-22 11:00:00,34371.15,35765.46,1394.31,4.057
2026-01-22 12:00:00,34329.02,35097.67,768.65,2.239
2026-01-22 13:00:00,34614.48,34633.31,18.84,0.054
2026-01-22 14:00:00,34920.72,34281.71,639.01,1.83
2026-01-22 15:00:00,35254.16,34608.41,645.75,1.832
2026-01-22 16:00:00,35998.42,35480.46,517.96,1.439
2026-01-22 17:00:00,37567.52,36894.08,673.44,1.793
2026-01-22 18:00:00,38652.45,37846.19,806.27,2.086
2026-01-22 19:00:00,39447.14,37918.8,1528.34,3.874
2026-01-22 20:00:00,38254.38,36780.15,1474.23,3.854
2026-01-22 21:00:00,34453.22,33591.82,861.41,2.5
2026-01-22 22:00:00,30665.36,30891.55,226.19,0.738
2026-01-22 23:00:00,28598.9,28797.38,198.48,0.694
2026-01-23 00:00:00,26631.83,27307.14,675.31,2.536
2026-01-23 01:00:00,25207.32,26374.46,1167.14,4.63
2026-01-23 02:00:00,24593.88,25875.88,1282.01,5.213
2026-01-23 03:00:00,24453.33,25967.02,1513.69,6.19
2026-01-23 04:00:00,25207.2,26950.89,1743.69,6.917
2026-01-23 05:00:00,28659.78,29470.8,811.03,2.83
2026-01-23 06:00:00,33498.64,32664.7,833.94,2.489
2026-01-23 07:00:00,36218.67,34791.57,1427.1,3.94
2026-01-23 08:00:00,36352.62,35962.41,390.21,1.073
2026-01-23 09:00:00,35389.79,36058.87,669.08,1.891
2026-01-23 10:00:00,34267.06,35234.74,967.68,2.824
2026-01-23 11:00:00,33685.45,34545.89,860.45,2.554
2026-01-23 12:00:00,33771.91,33945.74,173.82,0.515
2026-01-23 13:00:00,33559.68,33479.52,80.16,0.239
2026-01-23 14:00:00,33432.31,33073.2,359.11,1.074
2026-01-23 15:00:00,33989.89,32885.34,1104.56,3.25
2026-01-23 16:00:00,35035.93,33372.93,1663.01,4.747
2026-01-23 17:00:00,36419.81,34591.33,1828.48,5.021
2026-01-23 18:00:00,37224.52,35735.64,1488.89,4.0
2026-01-23 19:00:00,37537.64,36055.76,1481.89,3.948
2026-01-23 20:00:00,36489.3,35038.62,1450.68,3.976
2026-01-23 21:00:00,33500.96,32402.95,1098.02,3.278
2026-01-23 22:00:00,30690.68,29905.51,785.17,2.558
2026-01-23 23:00:00,28480.82,27632.82,848.0,2.977
2026-01-24 00:00:00,26192.09,26062.37,129.73,0.495
2026-01-24 01:00:00,24701.68,24817.06,115.38,0.467
2026-01-24 02:00:00,23938.05,23919.46,18.6,0.078
2026-01-24 03:00:00,23562.54,23535.48,27.05,0.115
2026-01-24 04:00:00,23517.81,23894.4,376.59,1.601
2026-01-24 05:00:00,24358.52,25151.55,793.03,3.256
2026-01-24 06:00:00,26037.03,27195.61,1158.58,4.45
2026-01-24 07:00:00,28094.56,29294.85,1200.29,4.272
2026-01-24 08:00:00,30375.08,30745.0,369.92,1.218
2026-01-24 09:00:00,31803.67,31055.28,748.39,2.353
2026-01-24 10:00:00,32203.0,30857.44,1345.56,4.178
2026-01-24 11:00:00,32329.99,31053.74,1276.25,3.948
2026-01-24 12:00:00,32548.25,31466.7,1081.55,3.323
2026-01-24 13:00:00,32202.18,31504.92,697.26,2.165
2026-01-24 14:00:00,31356.0,31666.65,310.65,0.991
2026-01-24 15:00:00,31104.65,31838.72,734.07,2.36
2026-01-24 16:00:00,31352.59,32223.75,871.16,2.779
2026-01-24 17:00:00,32867.48,33230.55,363.08,1.105
2026-01-24 18:00:00,33825.8,34555.21,729.41,2.156
2026-01-24 19:00:00,34481.59,35089.89,608.3,1.764
2026-01-24 20:00:00,33988.91,34324.85,335.95,0.988
2026-01-24 21:00:00,31828.26,32416.1,587.85,1.847
2026-01-24 22:00:00,29388.75,29975.28,586.52,1.996
2026-01-24 23:00:00,26752.38,27275.45,523.07,1.955
2026-01-25 00:00:00,24566.04,25103.69,537.66,2.189
2026-01-25 01:00:00,23055.12,23332.77,277.65,1.204
2026-01-25 02:00:00,22260.96,21956.18,304.78,1.369
2026-01-25 03:00:00,21750.2,21138.46,611.73,2.813
2026-01-25 04:00:00,21854.87,21203.73,651.14,2.979
2026-01-25 05:00:00,22223.92,23040.28,816.35,3.673
2026-01-25 06:00:00,23185.95,26104.01,2918.05,12.585
2026-01-25 07:00:00,24220.19,28827.1,4606.91,19.021
2026-01-25 08:00:00,26370.12,29517.36,3147.25,11.935
2026-01-25 09:00:00,27883.5,29566.41,1682.91,6.036
2026-01-25 10:00:00,28546.79,29658.17,1111.38,3.893
2026-01-25 11:00:00,28823.28,30162.6,1339.32,4.647
2026-01-25 12:00:00,29488.1,30324.05,835.95,2.835
2026-01-25 13:00:00,29659.54,30402.21,742.68,2.504
2026-01-25 14:00:00,28670.24,30361.42,1691.19,5.899
2026-01-25 15:00:00,28483.79,30712.84,2229.05,7.826
2026-01-25 16:00:00,29102.39,31289.67,2187.28,7.516
2026-01-25 17:00:00,31201.38,32808.88,1607.49,5.152
2026-01-25 18:00:00,33012.2,34607.45,1595.25,4.832
2026-01-25 19:00:00,34043.81,35071.88,1028.07,3.02
2026-01-25 20:00:00,33626.86,33541.6,85.27,0.254
2026-01-25 21:00:00,31385.09,30913.32,471.77,1.503
2026-01-25 22:00:00,28329.04,28302.85,26.19,0.092
2026-01-25 23:00:00,25752.35,26000.89,248.54,0.965
2026-01-26 00:00:00,24035.48,24482.57,447.09,1.86
2026-01-26 01:00:00,22838.95,23569.54,730.59,3.199
2026-01-26 02:00:00,22343.39,22866.31,522.92,2.34
2026-01-26 03:00:00,22436.38,23084.69,648.31,2.89
2026-01-26 04:00:00,23384.79,24548.8,1164.01,4.978
2026-01-26 05:00:00,27284.27,27857.52,573.25,2.101
2026-01-26 06:00:00,32826.89,31846.69,980.2,2.986
2026-01-26 07:00:00,35784.65,34868.96,915.7,2.559
2026-01-26 08:00:00,36465.65,36145.25,320.4,0.879
2026-01-26 09:00:00,36631.11,35512.45,1118.66,3.054
2026-01-26 10:00:00,36349.78,35045.5,1304.28,3.588
2026-01-26 11:00:00,36352.51,35042.67,1309.84,3.603
2026-01-26 12:00:00,36882.8,34908.32,1974.48,5.353
2026-01-26 13:00:00,36953.11,34978.51,1974.6,5.344
2026-01-26 14:00:00,36456.88,34704.45,1752.43,4.807
2026-01-26 15:00:00,36344.36,34872.93,1471.43,4.049
2026-01-26 16:00:00,36337.26,35709.91,627.34,1.726
2026-01-26 17:00:00,37392.78,37291.05,101.73,0.272
2026-01-26 18:00:00,38402.44,37967.87,434.57,1.132
2026-01-26 19:00:00,39033.85,37520.76,1513.09,3.876
2026-01-26 20:00:00,37661.89,35385.41,2276.47,6.044
2026-01-26 21:00:00,33874.21,32293.9,1580.31,4.665
2026-01-26 22:00:00,30062.57,29563.52,499.05,1.66
2026-01-26 23:00:00,27703.9,27205.25,498.64,1.8
2026-01-27 00:00:00,26228.61,25503.96,724.64,2.763
2026-01-27 01:00:00,24924.47,24529.42,395.05,1.585
2026-01-27 02:00:00,24484.15,23885.43,598.71,2.445
2026-01-27 03:00:00,24568.25,24276.67,291.59,1.187
2026-01-27 04:00:00,25457.18,26004.76,547.58,2.151
2026-01-27 05:00:00,28929.3,29743.45,814.14,2.814
2026-01-27 06:00:00,33459.16,33136.04,323.12,0.966
2026-01-27 07:00:00,35834.25,35456.05,378.2,1.055
2026-01-27 08:00:00,36535.24,36261.25,273.99,0.75
2026-01-27 09:00:00,36655.41,35385.44,1269.98,3.465
2026-01-27 10:00:00,36660.89,35132.3,1528.59,4.17
2026-01-27 11:00:00,36611.35,35188.68,1422.67,3.886
2026-01-27 12:00:00,36759.2,35119.46,1639.74,4.461
2026-01-27 13:00:00,36467.12,35083.1,1384.02,3.795
2026-01-27 14:00:00,35540.24,34759.18,781.06,2.198
2026-01-27 15:00:00,35091.39,34708.53,382.86,1.091
2026-01-27 16:00:00,35703.7,35152.32,551.38,1.544
2026-01-27 17:00:00,36805.76,36705.88,99.88,0.271
2026-01-27 18:00:00,38305.98,37498.11,807.87,2.109
2026-01-27 19:00:00,38958.82,37372.55,1586.27,4.072
2026-01-27 20:00:00,37610.21,35912.35,1697.86,4.514
2026-01-27 21:00:00,34072.41,32793.75,1278.66,3.753
2026-01-27 22:00:00,30424.51,29938.39,486.12,1.598
2026-01-27 23:00:00,28135.96,27493.72,642.24,2.283
2026-01-28 00:00:00,26420.07,25739.32,680.75,2.577
2026-01-28 01:00:00,25251.6,24615.78,635.82,2.518
2026-01-28 02:00:00,24768.87,23807.34,961.53,3.882
2026-01-28 03:00:00,24840.23,23976.34,863.9,3.478
2026-01-28 04:00:00,25541.72,25494.51,47.21,0.185
2026-01-28 05:00:00,28814.99,29110.39,295.41,1.025
2026-01-28 06:00:00,33461.48,32751.65,709.82,2.121
2026-01-28 07:00:00,34486.85,35331.75,844.9,2.45
2026-01-28 08:00:00,35478.28,36214.34,736.05,2.075
2026-01-28 09:00:00,37011.48,35352.37,1659.12,4.483
2026-01-28 10:00:00,37528.07,35013.22,2514.86,6.701
2026-01-28 11:00:00,37271.1,35094.31,2176.79,5.84
2026-01-28 12:00:00,37173.45,34935.89,2237.55,6.019
2026-01-28 13:00:00,36127.23,34923.04,1204.2,3.333
2026-01-28 14:00:00,34970.05,34473.16,496.89,1.421
2026-01-28 15:00:00,34618.66,34411.33,207.32,0.599
2026-01-28 16:00:00,35501.89,34882.09,619.8,1.746
2026-01-28 17:00:00,36977.58,36507.56,470.02,1.271
2026-01-28 18:00:00,38217.75,37304.46,913.29,2.39
2026-01-28 19:00:00,38909.98,37146.0,1763.97,4.533
2026-01-28 20:00:00,37629.78,35600.24,2029.54,5.393
2026-01-28 21:00:00,34099.48,32377.08,1722.4,5.051
2026-01-28 22:00:00,30570.3,29696.43,873.88,2.859
2026-01-28 23:00:00,28550.88,27421.49,1129.39,3.956
2026-01-29 00:00:00,26601.05,25962.76,638.29,2.4
2026-01-29 01:00:00,25331.54,24961.86,369.68,1.459
2026-01-29 02:00:00,24798.98,24205.01,593.98,2.395
2026-01-29 03:00:00,24762.86,24443.36,319.5,1.29
2026-01-29 04:00:00,25092.23,26109.24,1017.01,4.053
2026-01-29 05:00:00,28233.89,29691.51,1457.62,5.163
2026-01-29 06:00:00,32901.17,33052.53,151.36,0.46
2026-01-29 07:00:00,35372.87,35342.61,30.25,0.086
2026-01-29 08:00:00,36041.55,36736.18,694.64,1.927
2026-01-29 09:00:00,35896.39,36820.31,923.92,2.574
2026-01-29 10:00:00,35419.83,36258.6,838.77,2.368
2026-01-29 11:00:00,35703.55,35951.6,248.04,0.695
2026-01-29 12:00:00,35732.73,35455.74,277.0,0.775
2026-01-29 13:00:00,35474.98,35075.48,399.5,1.126
2026-01-29 14:00:00,34998.07,34778.47,219.6,0.627
2026-01-29 15:00:00,34433.39,35045.0,611.61,1.776
2026-01-29 16:00:00,34580.77,35704.93,1124.16,3.251
2026-01-29 17:00:00,35709.84,36877.12,1167.29,3.269
2026-01-29 18:00:00,37299.69,37690.7,391.02,1.048
2026-01-29 19:00:00,38120.02,37736.04,383.98,1.007
2026-01-29 20:00:00,37000.78,36868.77,132.01,0.357
2026-01-29 21:00:00,33365.77,33884.57,518.8,1.555
2026-01-29 22:00:00,29770.15,30905.99,1135.84,3.815
2026-01-29 23:00:00,27758.0,28589.64,831.64,2.996
2026-01-30 00:00:00,26165.79,26881.81,716.02,2.736
2026-01-30 01:00:00,24989.34,25876.27,886.93,3.549
2026-01-30 02:00:00,24469.62,25437.29,967.67,3.955
2026-01-30 03:00:00,24510.36,25631.02,1120.66,4.572
2026-01-30 04:00:00,25225.11,26697.85,1472.74,5.838
2026-01-30 05:00:00,28281.29,29264.39,983.1,3.476
2026-01-30 06:00:00,32815.73,32049.51,766.21,2.335
2026-01-30 07:00:00,35080.19,33809.28,1270.91,3.623
2026-01-30 08:00:00,35223.12,34711.71,511.41,1.452
2026-01-30 09:00:00,34619.78,34598.09,21.68,0.063
2026-01-30 10:00:00,33827.62,33896.98,69.36,0.205
2026-01-30 11:00:00,33686.21,33380.73,305.49,0.907
2026-01-30 12:00:00,33658.77,32937.75,721.02,2.142
2026-01-30 13:00:00,33424.96,32556.75,868.21,2.597
2026-01-30 14:00:00,32854.05,32213.86,640.19,1.949
2026-01-30 15:00:00,33115.25,32049.24,1066.01,3.219
2026-01-30 16:00:00,33728.46,32477.84,1250.62,3.708
2026-01-30 17:00:00,34768.79,33536.93,1231.86,3.543
2026-01-30 18:00:00,35636.32,34602.54,1033.78,2.901
2026-01-30 19:00:00,35986.05,34901.84,1084.21,3.013
2026-01-30 20:00:00,35278.31,33914.34,1363.96,3.866
2026-01-30 21:00:00,32470.36,31455.34,1015.02,3.126
2026-01-30 22:00:00,29512.66,29084.45,428.21,1.451
2026-01-30 23:00:00,27947.58,26876.25,1071.33,3.833
2026-01-31 00:00:00,25998.48,25272.17,726.31,2.794
2026-01-31 01:00:00,24548.39,24008.87,539.53,2.198
2026-01-31 02:00:00,23789.53,23091.11,698.42,2.936
2026-01-31 03:00:00,23339.79,22683.08,656.71,2.814
2026-01-31 04:00:00,23270.55,22993.4,277.15,1.191
2026-01-31 05:00:00,23898.56,24238.29,339.73,1.422
2026-01-31 06:00:00,25439.91,26273.5,833.58,3.277
2026-01-31 07:00:00,26994.24,28361.57,1367.33,5.065
2026-01-31 08:00:00,28824.54,29788.49,963.96,3.344
2026-01-31 09:00:00,29281.49,30044.93,763.44,2.607
2026-01-31 10:00:00,28839.4,29598.79,759.38,2.633
2026-01-31 11:00:00,28096.96,29354.14,1257.18,4.474
2026-01-31 12:00:00,27996.21,29175.41,1179.2,4.212
2026-01-31 13:00:00,27873.71,28637.91,764.2,2.742
2026-01-31 14:00:00,27152.0,28386.06,1234.06,4.545
2026-01-31 15:00:00,27114.26,28267.15,1152.9,4.252
2026-01-31 16:00:00,27929.28,28455.22,525.94,1.883
2026-01-31 17:00:00,29900.25,29602.78,297.47,0.995
2026-01-31 18:00:00,31603.65,31199.12,404.53,1.28
2026-01-31 19:00:00,32161.49,31823.65,337.84,1.05
2026-01-31 20:00:00,31812.11,30990.71,821.4,2.582
2026-01-31 21:00:00,30097.72,29219.03,878.69,2.919
2026-01-31 22:00:00,27715.94,27148.14,567.8,2.049
2026-01-31 23:00:00,25565.92,25023.61,542.31,2.121
2026-02-01 00:00:00,23683.42,23330.25,353.18,1.491
2026-02-01 01:00:00,22321.68,21688.09,633.58,2.838
2026-02-01 02:00:00,21691.18,20364.13,1327.05,6.118
2026-02-01 03:00:00,21354.95,19468.89,1886.06,8.832
2026-02-01 04:00:00,21257.77,19346.81,1910.96,8.989
2026-02-01 05:00:00,21693.63,20803.73,889.9,4.102
2026-02-01 06:00:00,22637.79,23408.28,770.49,3.404
2026-02-01 07:00:00,23653.52,26054.15,2400.63,10.149
2026-02-01 08:00:00,25729.75,27305.18,1575.43,6.123
2026-02-01 09:00:00,27537.77,27822.48,284.72,1.034
2026-02-01 10:00:00,28423.93,28116.85,307.08,1.08
2026-02-01 11:00:00,28591.04,28726.18,135.14,0.473
2026-02-01 12:00:00,29253.62,28766.16,487.47,1.666
2026-02-01 13:00:00,28914.84,28748.84,166.01,0.574
2026-02-01 14:00:00,27723.44,28733.05,1009.61,3.642
2026-02-01 15:00:00,27220.18,29127.88,1907.7,7.008
2026-02-01 16:00:00,27649.69,29729.14,2079.46,7.521
2026-02-01 17:00:00,29138.75,31190.29,2051.54,7.041
2026-02-01 18:00:00,31070.06,32922.21,1852.15,5.961
2026-02-01 19:00:00,32213.59,33617.29,1403.7,4.357
2026-02-01 20:00:00,31864.51,32485.92,621.41,1.95
2026-02-01 21:00:00,30103.78,29835.84,267.94,0.89
2026-02-01 22:00:00,27409.46,27424.68,15.22,0.056
2026-02-01 23:00:00,25310.25,25327.95,17.71,0.07
2026-02-02 00:00:00,23802.87,23908.59,105.72,0.444
2026-02-02 01:00:00,22724.99,22968.08,243.09,1.07
2026-02-02 02:00:00,22334.65,22305.12,29.52,0.132
2026-02-02 03:00:00,22410.04,22633.18,223.14,0.996
2026-02-02 04:00:00,23493.23,24150.04,656.81,2.796
2026-02-02 05:00:00,26895.68,27434.98,539.31,2.005
2026-02-02 06:00:00,31689.78,31302.6,387.18,1.222
2026-02-02 07:00:00,34379.49,34178.4,201.09,0.585
2026-02-02 08:00:00,35570.45,35319.34,251.11,0.706
2026-02-02 09:00:00,36030.3,34900.99,1129.32,3.134
2026-02-02 10:00:00,36065.24,34521.97,1543.27,4.279
2026-02-02 11:00:00,36115.73,34655.34,1460.39,4.044
2026-02-02 12:00:00,36428.83,34530.75,1898.08,5.21
2026-02-02 13:00:00,35835.64,34610.83,1224.81,3.418
2026-02-02 14:00:00,35165.27,34256.13,909.14,2.585
2026-02-02 15:00:00,34850.78,34305.38,545.4,1.565
2026-02-02 16:00:00,34872.89,34799.23,73.66,0.211
2026-02-02 17:00:00,35966.31,36297.25,330.94,0.92
2026-02-02 18:00:00,37473.71,37352.52,121.19,0.323
2026-02-02 19:00:00,38439.44,37309.91,1129.53,2.938
2026-02-02 20:00:00,37397.32,35644.07,1753.25,4.688
2026-02-02 21:00:00,33733.95,32490.36,1243.59,3.686
2026-02-02 22:00:00,29987.03,29700.37,286.66,0.956
2026-02-02 23:00:00,27959.43,27258.15,701.29,2.508
2026-02-03 00:00:00,26074.57,25701.35,373.22,1.431
2026-02-03 01:00:00,24936.5,24686.95,249.55,1.001
2026-02-03 02:00:00,24377.49,23894.95,482.55,1.979
2026-02-03 03:00:00,24331.96,23996.5,335.46,1.379
2026-02-03 04:00:00,25206.54,25365.73,159.2,0.632
2026-02-03 05:00:00,28410.21,28685.28,275.08,0.968
2026-02-03 06:00:00,33313.59,32434.49,879.11,2.639
2026-02-03 07:00:00,35691.92,35362.41,329.51,0.923
2026-02-03 08:00:00,36088.23,36532.96,444.73,1.232
2026-02-03 09:00:00,35666.19,36003.29,337.1,0.945
2026-02-03 10:00:00,34895.95,35269.14,373.2,1.069
2026-02-03 11:00:00,34394.4,34957.41,563.02,1.637
2026-02-03 12:00:00,34223.71,34376.23,152.52,0.446
2026-02-03 13:00:00,33720.77,34120.34,399.57,1.185
2026-02-03 14:00:00,33346.89,33478.98,132.09,0.396
2026-02-03 15:00:00,33725.82,33472.5,253.32,0.751
2026-02-03 16:00:00,34618.25,34082.69,535.56,1.547
2026-02-03 17:00:00,35780.04,36043.0,262.96,0.735
2026-02-03 18:00:00,37647.09,37093.23,553.87,1.471
2026-02-03 19:00:00,38590.41,37110.94,1479.47,3.834
2026-02-03 20:00:00,37583.14,35899.14,1684.0,4.481
2026-02-03 21:00:00,34370.88,32696.59,1674.29,4.871
2026-02-03 22:00:00,30814.14,29956.97,857.17,2.782
2026-02-03 23:00:00,28400.52,27605.26,795.26,2.8
2026-02-04 00:00:00,26404.68,26130.84,273.84,1.037
2026-02-04 01:00:00,25260.84,25072.22,188.61,0.747
2026-02-04 02:00:00,24790.02,24176.38,613.63,2.475
2026-02-04 03:00:00,24632.47,24168.24,464.23,1.885
2026-02-04 04:00:00,25272.76,25461.67,188.91,0.747
2026-02-04 05:00:00,28452.32,28531.62,79.29,0.279
2026-02-04 06:00:00,32796.08,32156.92,639.15,1.949
2026-02-04 07:00:00,35235.07,35036.12,198.95,0.565
2026-02-04 08:00:00,36397.84,36287.33,110.51,0.304
2026-02-04 09:00:00,36927.62,35964.87,962.75,2.607
2026-02-04 10:00:00,36722.89,35330.95,1391.94,3.79
2026-02-04 11:00:00,36723.9,35128.0,1595.9,4.346
2026-02-04 12:00:00,36497.43,34771.62,1725.81,4.729
2026-02-04 13:00:00,35981.25,34643.25,1338.0,3.719
2026-02-04 14:00:00,34975.8,34112.77,863.03,2.467
2026-02-04 15:00:00,34863.97,34103.0,760.97,2.183
2026-02-04 16:00:00,35336.87,34647.25,689.62,1.952
2026-02-04 17:00:00,36267.2,36363.56,96.36,0.266
2026-02-04 18:00:00,37820.52,37284.8,535.73,1.416
2026-02-04 19:00:00,38588.05,37191.68,1396.37,3.619
2026-02-04 20:00:00,37281.38,35984.98,1296.41,3.477
2026-02-04 21:00:00,33525.88,32812.18,713.7,2.129
2026-02-04 22:00:00,29982.85,29947.48,35.37,0.118
2026-02-04 23:00:00,27869.84,27522.53,347.31,1.246
2026-02-05 00:00:00,26038.29,25989.22,49.07,0.188
2026-02-05 01:00:00,24875.65,24917.42,41.77,0.168
2026-02-05 02:00:00,24392.93,24192.47,200.46,0.822
2026-02-05 03:00:00,24318.54,24515.95,197.41,0.812
2026-02-05 04:00:00,25072.14,26297.11,1224.97,4.886
2026-02-05 05:00:00,28304.45,29880.15,1575.7,5.567
2026-02-05 06:00:00,32779.3,33010.91,231.6,0.707
2026-02-05 07:00:00,35076.42,35101.96,25.54,0.073
2026-02-05 08:00:00,35958.09,36362.34,404.25,1.124
2026-02-05 09:00:00,35935.21,36304.62,369.41,1.028
2026-02-05 10:00:00,35266.75,35596.88,330.13,0.936
2026-02-05 11:00:00,34625.76,35209.68,583.92,1.686
2026-02-05 12:00:00,34573.84,34630.8,56.96,0.165
2026-02-05 13:00:00,34115.32,34177.71,62.39,0.183
2026-02-05 14:00:00,32927.42,33678.71,751.29,2.282
2026-02-05 15:00:00,32680.07,33576.34,896.27,2.743
2026-02-05 16:00:00,33438.67,34027.15,588.48,1.76
2026-02-05 17:00:00,34829.8,35295.2,465.39,1.336
2026-02-05 18:00:00,36761.08,36343.59,417.5,1.136
2026-02-05 19:00:00,37390.28,36614.35,775.93,2.075
2026-02-05 20:00:00,36161.39,35739.8,421.6,1.166
2026-02-05 21:00:00,33062.33,32626.91,435.42,1.317
2026-02-05 22:00:00,29708.87,29862.46,153.59,0.517
2026-02-05 23:00:00,27627.11,27724.16,97.05,0.351
2026-02-06 00:00:00,25715.22,26228.19,512.98,1.995
2026-02-06 01:00:00,24552.81,25307.28,754.46,3.073
2026-02-06 02:00:00,24046.53,24872.71,826.18,3.436
2026-02-06 03:00:00,23922.81,25116.39,1193.58,4.989
2026-02-06 04:00:00,24558.55,26175.73,1617.18,6.585
2026-02-06 05:00:00,27856.63,28522.02,665.39,2.389
2026-02-06 06:00:00,32368.3,31329.12,1039.18,3.21
2026-02-06 07:00:00,34498.73,33146.76,1351.97,3.919
2026-02-06 08:00:00,34428.96,34055.69,373.28,1.084
2026-02-06 09:00:00,33889.86,34031.03,141.17,0.417
2026-02-06 10:00:00,33242.54,33281.06,38.52,0.116
2026-02-06 11:00:00,32968.26,32734.72,233.54,0.708
2026-02-06 12:00:00,33015.41,32303.27,712.14,2.157
2026-02-06 13:00:00,32864.2,31914.71,949.49,2.889
2026-02-06 14:00:00,32415.23,31549.77,865.46,2.67
2026-02-06 15:00:00,32297.02,31307.4,989.62,3.064
2026-02-06 16:00:00,32782.08,31626.88,1155.2,3.524
2026-02-06 17:00:00,34016.54,32581.23,1435.31,4.219
2026-02-06 18:00:00,35380.88,33749.46,1631.43,4.611
2026-02-06 19:00:00,35616.14,34297.03,1319.11,3.704
2026-02-06 20:00:00,34727.29,33567.64,1159.65,3.339
2026-02-06 21:00:00,32174.95,31257.76,917.19,2.851
2026-02-06 22:00:00,29446.73,29006.25,440.48,1.496
2026-02-06 23:00:00,27508.5,26904.04,604.46,2.197
2026-02-07 00:00:00,25563.37,25280.44,282.93,1.107
2026-02-07 01:00:00,24118.1,23984.53,133.57,0.554
2026-02-07 02:00:00,23272.22,22993.55,278.67,1.197
2026-02-07 03:00:00,22861.81,22480.14,381.68,1.669
2026-02-07 04:00:00,22695.52,22667.3,28.22,0.124
2026-02-07 05:00:00,23559.81,23777.05,217.25,0.922
2026-02-07 06:00:00,25095.53,25727.16,631.63,2.517
2026-02-07 07:00:00,26526.99,27694.45,1167.46,4.401
2026-02-07 08:00:00,28390.05,29026.1,636.04,2.24
2026-02-07 09:00:00,29346.78,29291.25,55.53,0.189
2026-02-07 10:00:00,29592.85,28891.76,701.08,2.369
2026-02-07 11:00:00,29801.5,28726.49,1075.0,3.607
2026-02-07 12:00:00,30644.93,28800.06,1844.87,6.02
2026-02-07 13:00:00,30965.6,28576.25,2389.35,7.716
2026-02-07 14:00:00,30132.64,28696.39,1436.25,4.766
2026-02-07 15:00:00,29659.96,28949.49,710.47,2.395
2026-02-07 16:00:00,29675.82,29303.16,372.66,1.256
2026-02-07 17:00:00,30681.06,30247.52,433.54,1.413
2026-02-07 18:00:00,31866.98,31764.58,102.4,0.321
2026-02-07 19:00:00,32408.27,32538.21,129.94,0.401
2026-02-07 20:00:00,31886.46,31937.02,50.56,0.159
2026-02-07 21:00:00,29794.6,30171.46,376.85,1.265
2026-02-07 22:00:00,27531.04,27922.64,391.61,1.422
2026-02-07 23:00:00,25402.21,25525.8,123.59,0.487
2026-02-08 00:00:00,23674.1,23610.85,63.26,0.267
2026-02-08 01:00:00,22407.43,21867.64,539.79,2.409
2026-02-08 02:00:00,21599.6,20476.02,1123.58,5.202
2026-02-08 03:00:00,21253.43,19557.82,1695.61,7.978
2026-02-08 04:00:00,21219.19,19311.32,1907.88,8.991
2026-02-08 05:00:00,21824.99,20588.83,1236.16,5.664
2026-02-08 06:00:00,22665.48,23125.14,459.65,2.028
2026-02-08 07:00:00,23582.11,25786.93,2204.82,9.35
2026-02-08 08:00:00,25327.64,27122.7,1795.06,7.087
2026-02-08 09:00:00,26591.61,27624.16,1032.56,3.883
2026-02-08 10:00:00,26804.13,27794.48,990.35,3.695
2026-02-08 11:00:00,26552.97,28189.47,1636.5,6.163
2026-02-08 12:00:00,26776.18,27908.5,1132.32,4.229
2026-02-08 13:00:00,26841.31,27568.78,727.46,2.71
2026-02-08 14:00:00,25924.24,27205.77,1281.53,4.943
2026-02-08 15:00:00,25904.13,27359.0,1454.87,5.616
2026-02-08 16:00:00,26718.01,28031.63,1313.62,4.917
2026-02-08 17:00:00,28758.12,29845.04,1086.92,3.78
2026-02-08 18:00:00,31192.09,31893.51,701.42,2.249
2026-02-08 19:00:00,32590.03,32866.31,276.28,0.848
2026-02-08 20:00:00,32325.41,31874.43,450.98,1.395
2026-02-08 21:00:00,30353.31,29341.18,1012.14,3.335
2026-02-08 22:00:00,27573.37,27201.87,371.51,1.347
2026-02-08 23:00:00,25122.5,25333.98,211.48,0.842
2026-02-09 00:00:00,23652.29,24030.59,378.3,1.599
2026-02-09 01:00:00,22556.26,23092.86,536.6,2.379
2026-02-09 02:00:00,22150.92,22404.4,253.48,1.144
2026-02-09 03:00:00,22186.37,22732.8,546.43,2.463
2026-02-09 04:00:00,23221.25,24293.12,1071.88,4.616
2026-02-09 05:00:00,26824.66,27619.94,795.27,2.965
2026-02-09 06:00:00,31813.57,31395.93,417.64,1.313
2026-02-09 07:00:00,34404.92,34213.59,191.34,0.556
2026-02-09 08:00:00,34868.9,35288.94,420.04,1.205
2026-02-09 09:00:00,34281.55,34772.66,491.11,1.433
2026-02-09 10:00:00,33413.03,34236.23,823.2,2.464
2026-02-09 11:00:00,33106.84,34090.02,983.17,2.97
2026-02-09 12:00:00,33314.33,33616.84,302.51,0.908
2026-02-09 13:00:00,33507.84,33395.11,112.73,0.336
2026-02-09 14:00:00,33427.26,32868.48,558.78,1.672
2026-02-09 15:00:00,33640.74,32968.95,671.79,1.997
2026-02-09 16:00:00,33918.13,33594.8,323.33,0.953
2026-02-09 17:00:00,34893.21,35453.98,560.77,1.607
2026-02-09 18:00:00,36644.74,36600.58,44.16,0.12
2026-02-09 19:00:00,37456.76,36660.07,796.68,2.127
2026-02-09 20:00:00,36209.82,35251.41,958.41,2.647
2026-02-09 21:00:00,32599.32,31989.61,609.71,1.87
2026-02-09 22:00:00,29090.54,29122.85,32.32,0.111
2026-02-09 23:00:00,27120.63,26751.93,368.7,1.359
2026-02-10 00:00:00,25324.01,25285.86,38.15,0.151
2026-02-10 01:00:00,24130.98,24231.47,100.49,0.416
2026-02-10 02:00:00,23684.0,23436.73,247.28,1.044
2026-02-10 03:00:00,23707.3,23698.0,9.3,0.039
2026-02-10 04:00:00,24440.92,25290.94,850.02,3.478
2026-02-10 05:00:00,27631.55,28701.7,1070.15,3.873
2026-02-10 06:00:00,32287.28,32083.13,204.15,0.632
2026-02-10 07:00:00,34190.73,34498.93,308.2,0.901
2026-02-10 08:00:00,34684.85,35200.05,515.2,1.485
2026-02-10 09:00:00,34383.08,34614.48,231.41,0.673
2026-02-10 10:00:00,34005.17,34121.57,116.4,0.342
2026-02-10 11:00:00,33971.71,34046.0,74.29,0.219
2026-02-10 12:00:00,34233.22,33661.84,571.38,1.669
2026-02-10 13:00:00,33976.2,33479.22,496.98,1.463
2026-02-10 14:00:00,33367.46,32987.89,379.57,1.138
2026-02-10 15:00:00,32952.85,32998.7,45.86,0.139
2026-02-10 16:00:00,32903.75,33334.18,430.43,1.308
2026-02-10 17:00:00,33840.3,34889.88,1049.57,3.102
2026-02-10 18:00:00,35782.53,36017.91,235.38,0.658
2026-02-10 19:00:00,36636.82,36116.78,520.04,1.419
2026-02-10 20:00:00,35601.27,34937.05,664.23,1.866
2026-02-10 21:00:00,32046.14,31723.92,322.23,1.006
2026-02-10 22:00:00,28677.26,28770.18,92.92,0.324
2026-02-10 23:00:00,26630.88,26383.54,247.34,0.929
2026-02-11 00:00:00,24874.25,24884.08,9.83,0.04
2026-02-11 01:00:00,23847.59,23764.08,83.51,0.35
2026-02-11 02:00:00,23460.65,22992.02,468.63,1.998
2026-02-11 03:00:00,23415.79,23341.07,74.71,0.319
2026-02-11 04:00:00,24155.96,24959.74,803.78,3.327
2026-02-11 05:00:00,27199.42,28101.28,901.87,3.316
2026-02-11 06:00:00,31497.71,30935.25,562.46,1.786
2026-02-11 07:00:00,33335.86,32873.92,461.94,1.386
2026-02-11 08:00:00,33811.95,33626.78,185.17,0.548
2026-02-11 09:00:00,33578.27,33141.57,436.7,1.301
2026-02-11 10:00:00,33162.38,32628.49,533.89,1.61
2026-02-11 11:00:00,32893.27,32556.57,336.7,1.024
2026-02-11 12:00:00,33166.96,32191.27,975.69,2.942
2026-02-11 13:00:00,33223.17,31911.26,1311.91,3.949
2026-02-11 14:00:00,32731.23,31417.91,1313.33,4.012
2026-02-11 15:00:00,32446.91,31454.19,992.72,3.06
2026-02-11 16:00:00,32501.44,32028.7,472.74,1.455
2026-02-11 17:00:00,33200.57,33724.43,523.86,1.578
2026-02-11 18:00:00,34935.73,34893.66,42.08,0.12
2026-02-11 19:00:00,35993.92,35012.64,981.28,2.726
2026-02-11 20:00:00,34868.14,33777.84,1090.3,3.127
2026-02-11 21:00:00,31456.23,30670.83,785.4,2.497
2026-02-11 22:00:00,28298.98,27941.75,357.23,1.262
2026-02-11 23:00:00,26464.72,25849.2,615.52,2.326
2026-02-12 00:00:00,24729.72,24534.65,195.07,0.789
2026-02-12 01:00:00,23615.67,23516.34,99.33,0.421
2026-02-12 02:00:00,23146.79,22838.16,308.63,1.333
2026-02-12 03:00:00,23045.66,23240.18,194.52,0.844
2026-02-12 04:00:00,23814.64,24924.86,1110.22,4.662
2026-02-12 05:00:00,26781.03,28000.59,1219.56,4.554
2026-02-12 06:00:00,30944.38,30619.69,324.69,1.049
2026-02-12 07:00:00,32595.68,32288.37,307.31,0.943
2026-02-12 08:00:00,32105.62,33069.77,964.16,3.003
2026-02-12 09:00:00,30849.23,32649.13,1799.9,5.835
2026-02-12 10:00:00,29716.01,31707.54,1991.53,6.702
2026-02-12 11:00:00,29333.25,31133.26,1800.01,6.136
2026-02-12 12:00:00,29148.38,30477.27,1328.89,4.559
2026-02-12 13:00:00,29182.85,29934.3,751.45,2.575
2026-02-12 14:00:00,29194.9,29372.84,177.94,0.609
2026-02-12 15:00:00,29642.45,29287.58,354.87,1.197
2026-02-12 16:00:00,30872.28,30017.38,854.9,2.769
2026-02-12 17:00:00,32528.74,31747.36,781.38,2.402
2026-02-12 18:00:00,34724.78,33368.21,1356.57,3.907
2026-02-12 19:00:00,35727.68,34009.71,1717.97,4.809
2026-02-12 20:00:00,34619.45,32985.71,1633.74,4.719
2026-02-12 21:00:00,31394.19,30209.32,1184.86,3.774
2026-02-12 22:00:00,28207.79,28012.54,195.24,0.692
2026-02-12 23:00:00,26370.97,26140.42,230.55,0.874
2026-02-13 00:00:00,24809.44,24919.83,110.39,0.445
2026-02-13 01:00:00,23791.99,24107.4,315.41,1.326
2026-02-13 02:00:00,23273.56,23776.31,502.76,2.16
2026-02-13 03:00:00,23220.09,24170.38,950.28,4.092
2026-02-13 04:00:00,23864.37,25342.14,1477.77,6.192
2026-02-13 05:00:00,26950.37,27664.81,714.44,2.651
2026-02-13 06:00:00,31162.45,30074.3,1088.15,3.492
2026-02-13 07:00:00,33102.21,31605.43,1496.79,4.522
2026-02-13 08:00:00,33769.68,32379.51,1390.17,4.117
2026-02-13 09:00:00,34099.52,32438.41,1661.12,4.871
2026-02-13 10:00:00,34241.79,32099.78,2142.01,6.256
2026-02-13 11:00:00,33896.68,32004.75,1891.93,5.581
2026-02-13 12:00:00,33775.11,31863.05,1912.05,5.661
2026-02-13 13:00:00,33288.91,31633.39,1655.52,4.973
2026-02-13 14:00:00,32384.29,31343.95,1040.34,3.212
2026-02-13 15:00:00,31925.23,31158.11,767.13,2.403
2026-02-13 16:00:00,32368.61,31428.39,940.22,2.905
2026-02-13 17:00:00,33330.88,32220.93,1109.95,3.33
2026-02-13 18:00:00,35055.94,33137.34,1918.61,5.473
2026-02-13 19:00:00,35532.47,33557.4,1975.07,5.559
2026-02-13 20:00:00,34372.66,32794.31,1578.35,4.592
2026-02-13 21:00:00,31266.45,30644.12,622.34,1.99
2026-02-13 22:00:00,28598.44,28479.87,118.57,0.415
2026-02-13 23:00:00,26852.99,26420.9,432.09,1.609
2026-02-14 00:00:00,25025.64,24799.49,226.15,0.904
2026-02-14 01:00:00,23754.91,23486.01,268.9,1.132
2026-02-14 02:00:00,22988.13,22516.46,471.67,2.052
2026-02-14 03:00:00,22607.96,22052.85,555.11,2.455
2026-02-14 04:00:00,22571.06,22301.66,269.4,1.194
2026-02-14 05:00:00,23407.08,23483.04,75.95,0.324
2026-02-14 06:00:00,24863.84,25463.27,599.43,2.411
2026-02-14 07:00:00,26165.67,27359.65,1193.97,4.563
2026-02-14 08:00:00,27521.85,28567.7,1045.85,3.8
2026-02-14 09:00:00,27852.83,28710.88,858.05,3.081
2026-02-14 10:00:00,27537.01,28214.96,677.95,2.462
2026-02-14 11:00:00,27010.29,27947.35,937.07,3.469
2026-02-14 12:00:00,27084.19,27696.91,612.72,2.262
2026-02-14 13:00:00,26739.96,27035.35,295.4,1.105
2026-02-14 14:00:00,25836.14,26680.99,844.85,3.27
2026-02-14 15:00:00,25674.49,26512.69,838.21,3.265
2026-02-14 16:00:00,26466.77,26767.63,300.86,1.137
2026-02-14 17:00:00,28135.25,28093.95,41.29,0.147
2026-02-14 18:00:00,30440.55,29779.69,660.86,2.171
2026-02-14 19:00:00,31332.44,30588.22,744.21,2.375
2026-02-14 20:00:00,31100.77,30005.18,1095.59,3.523
2026-02-14 21:00:00,29120.83,28288.8,832.03,2.857
2026-02-14 22:00:00,26988.08,26275.58,712.5,2.64
2026-02-14 23:00:00,25191.01,24420.2,770.81,3.06
2026-02-15 00:00:00,23429.1,22937.38,491.73,2.099
2026-02-15 01:00:00,22177.96,21450.25,727.71,3.281
2026-02-15 02:00:00,21435.82,20208.7,1227.12,5.725
2026-02-15 03:00:00,21104.26,19361.84,1742.43,8.256
2026-02-15 04:00:00,21110.63,19282.1,1828.53,8.662
2026-02-15 05:00:00,21652.4,20669.2,983.2,4.541
2026-02-15 06:00:00,22460.69,23114.11,653.42,2.909
2026-02-15 07:00:00,23161.34,25634.96,2473.62,10.68
2026-02-15 08:00:00,24508.6,26865.47,2356.87,9.617
2026-02-15 09:00:00,25301.66,27301.28,1999.62,7.903
2026-02-15 10:00:00,25463.28,27361.09,1897.81,7.453
2026-02-15 11:00:00,25163.62,27602.82,2439.2,9.693
2026-02-15 12:00:00,25500.93,27115.17,1614.25,6.33
2026-02-15 13:00:00,25520.42,26666.6,1146.18,4.491
2026-02-15 14:00:00,24798.99,26165.13,1366.14,5.509
2026-02-15 15:00:00,24912.64,26256.85,1344.21,5.396
2026-02-15 16:00:00,25440.99,27061.55,1620.55,6.37
2026-02-15 17:00:00,27503.22,29058.35,1555.13,5.654
2026-02-15 18:00:00,30344.57,31130.12,785.55,2.589
2026-02-15 19:00:00,31810.49,32153.55,343.06,1.078
2026-02-15 20:00:00,31597.04,31241.4,355.63,1.126
2026-02-15 21:00:00,29570.07,28770.26,799.81,2.705
2026-02-15 22:00:00,26878.48,26718.31,160.16,0.596
2026-02-15 23:00:00,24670.11,24891.5,221.39,0.897
2026-02-16 00:00:00,23105.77,23615.55,509.79,2.206
2026-02-16 01:00:00,22154.44,22640.11,485.67,2.192
2026-02-16 02:00:00,21788.49,21990.46,201.97,0.927
2026-02-16 03:00:00,21775.45,22449.27,673.83,3.094
2026-02-16 04:00:00,22630.3,24161.71,1531.41,6.767
2026-02-16 05:00:00,26334.16,27557.3,1223.14,4.645
2026-02-16 06:00:00,30574.74,31023.74,449.0,1.469
2026-02-16 07:00:00,32760.54,33404.12,643.59,1.965
2026-02-16 08:00:00,33344.86,34234.89,890.03,2.669
2026-02-16 09:00:00,32836.49,33673.15,836.66,2.548
2026-02-16 10:00:00,32212.51,33074.16,861.65,2.675
2026-02-16 11:00:00,31892.54,32886.25,993.71,3.116
2026-02-16 12:00:00,31968.38,32350.28,381.9,1.195
2026-02-16 13:00:00,31687.79,32003.06,315.27,0.995
2026-02-16 14:00:00,31228.86,31311.54,82.68,0.265
2026-02-16 15:00:00,31102.09,31231.12,129.03,0.415
2026-02-16 16:00:00,31843.34,31779.67,63.67,0.2
2026-02-16 17:00:00,33115.32,33650.27,534.95,1.615
2026-02-16 18:00:00,35318.79,34997.66,321.13,0.909
2026-02-16 19:00:00,36387.56,35249.57,1137.98,3.127
2026-02-16 20:00:00,35267.93,33970.01,1297.92,3.68
2026-02-16 21:00:00,31856.96,30834.54,1022.42,3.209
2026-02-16 22:00:00,28621.17,28168.68,452.49,1.581
2026-02-16 23:00:00,26731.25,26048.45,682.8,2.554
2026-02-17 00:00:00,25116.19,24724.93,391.27,1.558
2026-02-17 01:00:00,23873.79,23684.42,189.37,0.793
2026-02-17 02:00:00,23409.52,22930.96,478.56,2.044
2026-02-17 03:00:00,23339.88,23280.53,59.36,0.254
2026-02-17 04:00:00,24167.78,24979.0,811.23,3.357
2026-02-17 05:00:00,27267.66,28219.32,951.66,3.49
2026-02-17 06:00:00,31280.71,31116.22,164.49,0.526
2026-02-17 07:00:00,32843.23,33087.26,244.03,0.743
2026-02-17 08:00:00,32512.06,33662.02,1149.96,3.537
2026-02-17 09:00:00,31570.99,33004.95,1433.96,4.542
2026-02-17 10:00:00,30618.42,32291.01,1672.59,5.463
2026-02-17 11:00:00,29731.79,31931.71,2199.93,7.399
2026-02-17 12:00:00,29443.83,31119.63,1675.79,5.691
2026-02-17 13:00:00,29061.66,30405.01,1343.35,4.622
2026-02-17 14:00:00,28601.84,29492.23,890.39,3.113
2026-02-17 15:00:00,28784.46,29333.6,549.14,1.908
2026-02-17 16:00:00,29862.24,30158.48,296.24,0.992
2026-02-17 17:00:00,31712.03,32223.13,511.1,1.612
2026-02-17 18:00:00,34372.49,33802.07,570.43,1.66
2026-02-17 19:00:00,35672.53,34283.31,1389.22,3.894
2026-02-17 20:00:00,34588.11,33124.35,1463.75,4.232
2026-02-17 21:00:00,31472.18,30144.58,1327.6,4.218
2026-02-17 22:00:00,28436.63,27685.41,751.22,2.642
2026-02-17 23:00:00,26416.48,25774.02,642.46,2.432
2026-02-18 00:00:00,24802.14,24554.17,247.97,1.0
2026-02-18 01:00:00,23631.48,23522.06,109.42,0.463
2026-02-18 02:00:00,23257.62,22798.53,459.1,1.974
2026-02-18 03:00:00,23214.37,23184.55,29.83,0.128
2026-02-18 04:00:00,24105.04,24927.67,822.63,3.413
2026-02-18 05:00:00,27235.65,27927.91,692.26,2.542
2026-02-18 06:00:00,31401.54,30447.14,954.4,3.039
2026-02-18 07:00:00,33232.25,32206.78,1025.46,3.086
2026-02-18 08:00:00,33103.74,32911.05,192.69,0.582
2026-02-18 09:00:00,32290.59,32390.01,99.42,0.308
2026-02-18 10:00:00,31449.88,31817.72,367.85,1.17
2026-02-18 11:00:00,31028.75,31610.97,582.22,1.876
2026-02-18 12:00:00,31112.05,31068.02,44.03,0.142
2026-02-18 13:00:00,30430.64,30560.34,129.7,0.426
2026-02-18 14:00:00,29941.94,29812.8,129.14,0.431
2026-02-18 15:00:00,30386.58,29714.5,672.07,2.212
2026-02-18 16:00:00,31537.71,30586.57,951.14,3.016
2026-02-18 17:00:00,33136.87,32678.36,458.51,1.384
2026-02-18 18:00:00,35252.64,34190.2,1062.45,3.014
2026-02-18 19:00:00,36342.47,34561.61,1780.86,4.9
2026-02-18 20:00:00,35209.05,33236.67,1972.38,5.602
2026-02-18 21:00:00,31771.2,30234.16,1537.04,4.838
2026-02-18 22:00:00,28512.83,27752.84,759.99,2.665
2026-02-18 23:00:00,26412.78,25859.46,553.32,2.095
2026-02-19 00:00:00,24622.41,24645.42,23.01,0.093
2026-02-19 01:00:00,23608.77,23607.46,1.31,0.006
2026-02-19 02:00:00,23151.83,22944.48,207.35,0.896
2026-02-19 03:00:00,23087.09,23414.1,327.02,1.416
2026-02-19 04:00:00,23921.13,25259.36,1338.23,5.594
2026-02-19 05:00:00,27013.84,28374.85,1361.01,5.038
2026-02-19 06:00:00,31532.79,30875.24,657.54,2.085
2026-02-19 07:00:00,33309.47,32487.26,822.21,2.468
2026-02-19 08:00:00,32586.81,33305.79,718.98,2.206
2026-02-19 09:00:00,31660.94,32867.52,1206.59,3.811
2026-02-19 10:00:00,30611.28,32035.63,1424.35,4.653
2026-02-19 11:00:00,29783.21,31544.09,1760.88,5.912
2026-02-19 12:00:00,29794.97,30843.52,1048.55,3.519
2026-02-19 13:00:00,29528.63,30306.47,777.84,2.634
2026-02-19 14:00:00,29221.61,29746.87,525.26,1.797
2026-02-19 15:00:00,29594.41,29675.12,80.71,0.273
2026-02-19 16:00:00,30897.95,30391.06,506.88,1.641
2026-02-19 17:00:00,32739.31,32107.46,631.85,1.93
2026-02-19 18:00:00,35323.9,33653.32,1670.57,4.729
2026-02-19 19:00:00,36488.78,34284.04,2204.75,6.042
2026-02-19 20:00:00,35463.02,33213.57,2249.45,6.343
2026-02-19 21:00:00,32148.19,30434.67,1713.53,5.33
2026-02-19 22:00:00,28954.09,28316.98,637.12,2.2
2026-02-19 23:00:00,26750.57,26501.9,248.67,0.93
2026-02-20 00:00:00,25062.44,25294.71,232.27,0.927
2026-02-20 01:00:00,24101.29,24489.86,388.58,1.612
2026-02-20 02:00:00,23734.28,24148.48,414.2,1.745
2026-02-20 03:00:00,23771.04,24519.99,748.96,3.151
2026-02-20 04:00:00,24628.98,25679.97,1050.99,4.267
2026-02-20 05:00:00,27814.94,28061.74,246.8,0.887
2026-02-20 06:00:00,32259.91,30664.53,1595.38,4.945
2026-02-20 07:00:00,33918.96,32365.44,1553.52,4.58
2026-02-20 08:00:00,33146.26,33200.76,54.5,0.164
2026-02-20 09:00:00,31897.33,33032.02,1134.7,3.557
2026-02-20 10:00:00,30829.36,32183.97,1354.61,4.394
2026-02-20 11:00:00,30046.17,31546.85,1500.68,4.995
2026-02-20 12:00:00,29903.43,30954.08,1050.65,3.513
2026-02-20 13:00:00,29711.38,30389.09,677.71,2.281
2026-02-20 14:00:00,29344.69,29803.82,459.13,1.565
2026-02-20 15:00:00,29395.06,29400.73,5.67,0.019
2026-02-20 16:00:00,30212.63,29664.51,548.12,1.814
2026-02-20 17:00:00,31705.05,30777.64,927.41,2.925
2026-02-20 18:00:00,34081.0,32119.33,1961.67,5.756
2026-02-20 19:00:00,35055.69,32872.78,2182.91,6.227
2026-02-20 20:00:00,34271.23,32407.34,1863.89,5.439
2026-02-20 21:00:00,31422.88,30275.95,1146.93,3.65
2026-02-20 22:00:00,28735.32,28235.28,500.04,1.74
2026-02-20 23:00:00,26934.11,26338.55,595.56,2.211
2026-02-21 00:00:00,25121.38,24896.27,225.11,0.896
2026-02-21 01:00:00,23824.62,23704.81,119.81,0.503
2026-02-21 02:00:00,23088.95,22748.6,340.35,1.474
2026-02-21 03:00:00,22642.1,22205.84,436.25,1.927
2026-02-21 04:00:00,22724.71,22305.85,418.87,1.843
2026-02-21 05:00:00,23556.94,23297.73,259.21,1.1
2026-02-21 06:00:00,25028.06,25162.26,134.2,0.536
2026-02-21 07:00:00,26173.69,27129.37,955.68,3.651
2026-02-21 08:00:00,27019.17,28472.25,1453.08,5.378
2026-02-21 09:00:00,27033.99,28653.9,1619.91,5.992
2026-02-21 10:00:00,26105.12,28116.67,2011.54,7.706
2026-02-21 11:00:00,25073.98,27666.49,2592.51,10.339
2026-02-21 12:00:00,25032.02,27220.06,2188.04,8.741
2026-02-21 13:00:00,24755.43,26327.74,1572.31,6.351
2026-02-21 14:00:00,24084.74,25740.36,1655.62,6.874
2026-02-21 15:00:00,23894.78,25446.79,1552.01,6.495
2026-02-21 16:00:00,25041.38,25763.89,722.51,2.885
2026-02-21 17:00:00,26869.35,27271.43,402.08,1.496
2026-02-21 18:00:00,29079.03,28889.46,189.57,0.652
2026-02-21 19:00:00,30262.14,29488.61,773.53,2.556
2026-02-21 20:00:00,30089.77,28875.31,1214.45,4.036
2026-02-21 21:00:00,28340.04,27156.54,1183.49,4.176
2026-02-21 22:00:00,26304.95,25283.97,1020.98,3.881
2026-02-21 23:00:00,24615.47,23640.38,975.1,3.961
2026-02-22 00:00:00,22686.85,22319.61,367.24,1.619
2026-02-22 01:00:00,21503.87,20955.0,548.86,2.552
2026-02-22 02:00:00,20893.16,19771.18,1121.98,5.37
2026-02-22 03:00:00,20646.04,18992.97,1653.07,8.007
2026-02-22 04:00:00,20667.3,19008.39,1658.91,8.027
2026-02-22 05:00:00,21305.32,20365.62,939.71,4.411
2026-02-22 06:00:00,22051.17,22612.72,561.55,2.547
2026-02-22 07:00:00,22506.38,24907.83,2401.44,10.67
2026-02-22 08:00:00,23522.19,26054.1,2531.91,10.764
2026-02-22 09:00:00,24099.32,26461.91,2362.6,9.804
2026-02-22 10:00:00,23687.58,26425.88,2738.3,11.56
2026-02-22 11:00:00,23155.01,26443.26,3288.25,14.201
2026-02-22 12:00:00,23233.16,25703.36,2470.2,10.632
2026-02-22 13:00:00,23112.41,25057.98,1945.57,8.418
2026-02-22 14:00:00,22437.44,24348.29,1910.85,8.516
2026-02-22 15:00:00,22765.2,24353.47,1588.27,6.977
2026-02-22 16:00:00,23730.48,25396.56,1666.07,7.021
2026-02-22 17:00:00,25546.36,27810.7,2264.34,8.864
2026-02-22 18:00:00,28764.01,30016.04,1252.04,4.353
2026-02-22 19:00:00,30644.38,31053.77,409.39,1.336
2026-02-22 20:00:00,30426.6,30277.65,148.95,0.49
2026-02-22 21:00:00,28585.03,27919.32,665.71,2.329
2026-02-22 22:00:00,26013.06,25989.34,23.72,0.091
2026-02-22 23:00:00,23978.78,24212.66,233.89,0.975
2026-02-23 00:00:00,22557.87,22961.08,403.21,1.787
2026-02-23 01:00:00,21712.14,22003.32,291.17,1.341
2026-02-23 02:00:00,21376.84,21439.92,63.08,0.295
2026-02-23 03:00:00,21483.15,21934.01,450.86,2.099
2026-02-23 04:00:00,22550.92,23717.48,1166.56,5.173
2026-02-23 05:00:00,26250.67,27096.32,845.64,3.221
2026-02-23 06:00:00,30790.42,30163.81,626.6,2.035
2026-02-23 07:00:00,32476.12,32309.95,166.17,0.512
2026-02-23 08:00:00,31637.41,33063.41,1426.0,4.507
2026-02-23 09:00:00,30343.47,32337.12,1993.65,6.57
2026-02-23 10:00:00,29155.2,31477.18,2321.98,7.964
2026-02-23 11:00:00,28502.24,31012.84,2510.61,8.808
2026-02-23 12:00:00,28267.47,30149.28,1881.8,6.657
2026-02-23 13:00:00,27887.11,29460.45,1573.33,5.642
2026-02-23 14:00:00,27516.59,28550.47,1033.88,3.757
2026-02-23 15:00:00,27967.81,28419.03,451.22,1.613
2026-02-23 16:00:00,29320.48,29398.12,77.64,0.265
2026-02-23 17:00:00,30878.04,31664.85,786.81,2.548
2026-02-23 18:00:00,33698.61,33305.37,393.24,1.167
2026-02-23 19:00:00,35247.12,33761.89,1485.23,4.214
2026-02-23 20:00:00,34258.58,32515.33,1743.25,5.089
2026-02-23 21:00:00,31032.39,29610.25,1422.14,4.583
2026-02-23 22:00:00,27907.21,27265.66,641.55,2.299
2026-02-23 23:00:00,26122.71,25407.97,714.74,2.736
2026-02-24 00:00:00,24674.94,24240.7,434.24,1.76
2026-02-24 01:00:00,23537.09,23255.92,281.16,1.195
2026-02-24 02:00:00,23006.46,22609.08,397.38,1.727
2026-02-24 03:00:00,23022.0,23042.25,20.25,0.088
2026-02-24 04:00:00,23921.4,24850.54,929.13,3.884
2026-02-24 05:00:00,27282.37,27937.76,655.4,2.402
2026-02-24 06:00:00,31464.27,30528.05,936.22,2.976
2026-02-24 07:00:00,32777.61,32371.47,406.13,1.239
2026-02-24 08:00:00,31497.17,32973.28,1476.11,4.686
2026-02-24 09:00:00,30002.73,32230.94,2228.21,7.427
2026-02-24 10:00:00,28815.1,31360.91,2545.8,8.835
2026-02-24 11:00:00,28199.07,30858.7,2659.63,9.432
2026-02-24 12:00:00,28124.08,29973.55,1849.47,6.576
2026-02-24 13:00:00,27905.04,29202.83,1297.79,4.651
2026-02-24 14:00:00,27696.26,28327.91,631.64,2.281
2026-02-24 15:00:00,28072.99,28322.03,249.04,0.887
2026-02-24 16:00:00,29319.37,29453.61,134.24,0.458
2026-02-24 17:00:00,30948.36,31684.87,736.51,2.38
2026-02-24 18:00:00,33704.14,33248.3,455.84,1.352
2026-02-24 19:00:00,35259.16,33673.07,1586.1,4.498
2026-02-24 20:00:00,34490.27,32395.64,2094.62,6.073
2026-02-24 21:00:00,31120.2,29600.68,1519.52,4.883
2026-02-24 22:00:00,27888.04,27323.57,564.47,2.024
2026-02-24 23:00:00,26058.93,25514.93,544.01,2.088
2026-02-25 00:00:00,24477.3,24361.49,115.82,0.473
2026-02-25 01:00:00,23483.48,23351.37,132.12,0.563
2026-02-25 02:00:00,23010.42,22705.53,304.89,1.325
2026-02-25 03:00:00,23111.69,23161.83,50.14,0.217
2026-02-25 04:00:00,24055.24,24988.29,933.05,3.879
2026-02-25 05:00:00,27133.48,27935.53,802.05,2.956
2026-02-25 06:00:00,31114.85,30315.38,799.46,2.569
2026-02-25 07:00:00,32465.91,31950.53,515.38,1.587
2026-02-25 08:00:00,31375.45,32518.23,1142.78,3.642
2026-02-25 09:00:00,30011.52,31756.71,1745.19,5.815
2026-02-25 10:00:00,29113.51,30921.12,1807.61,6.209
2026-02-25 11:00:00,28596.18,30505.74,1909.56,6.678
2026-02-25 12:00:00,28593.23,29753.77,1160.53,4.059
2026-02-25 13:00:00,28483.63,29037.75,554.12,1.945
2026-02-25 14:00:00,28231.84,28219.2,12.64,0.045
2026-02-25 15:00:00,28443.0,28234.02,208.98,0.735
2026-02-25 16:00:00,29462.97,29378.99,83.97,0.285
2026-02-25 17:00:00,30930.71,31555.69,624.98,2.021
2026-02-25 18:00:00,33535.59,33087.62,447.97,1.336
2026-02-25 19:00:00,34979.67,33501.45,1478.23,4.226
2026-02-25 20:00:00,33998.27,32314.23,1684.05,4.953
2026-02-25 21:00:00,30745.02,29485.61,1259.41,4.096
2026-02-25 22:00:00,27737.32,27133.2,604.12,2.178
2026-02-25 23:00:00,25919.75,25389.1,530.65,2.047
2026-02-26 00:00:00,24383.31,24276.33,106.98,0.439
2026-02-26 01:00:00,23347.41,23292.43,54.98,0.235
2026-02-26 02:00:00,22935.31,22684.83,250.47,1.092
2026-02-26 03:00:00,22864.81,23161.37,296.56,1.297
2026-02-26 04:00:00,23780.11,24960.82,1180.71,4.965
2026-02-26 05:00:00,27002.0,27909.38,907.39,3.36
2026-02-26 06:00:00,31031.28,30286.36,744.92,2.401
2026-02-26 07:00:00,32241.74,31808.51,433.22,1.344
2026-02-26 08:00:00,31113.5,32504.69,1391.19,4.471
2026-02-26 09:00:00,29855.33,31927.79,2072.46,6.942
2026-02-26 10:00:00,28496.24,30998.41,2502.17,8.781
2026-02-26 11:00:00,27676.98,30421.21,2744.23,9.915
2026-02-26 12:00:00,27609.59,29663.81,2054.23,7.44
2026-02-26 13:00:00,27267.89,29021.44,1753.55,6.431
2026-02-26 14:00:00,27055.84,28302.82,1246.98,4.609
2026-02-26 15:00:00,27612.4,28077.34,464.94,1.684
2026-02-26 16:00:00,29071.54,28786.36,285.18,0.981
2026-02-26 17:00:00,30555.69,30523.37,32.32,0.106
2026-02-26 18:00:00,33060.65,32072.26,988.39,2.99
2026-02-26 19:00:00,34425.5,32627.78,1797.72,5.222
2026-02-26 20:00:00,33481.1,31695.9,1785.2,5.332
2026-02-26 21:00:00,30598.37,29126.56,1471.81,4.81
2026-02-26 22:00:00,27651.04,27133.79,517.26,1.871
2026-02-26 23:00:00,25944.98,25471.32,473.66,1.826
2026-02-27 00:00:00,24363.47,24399.54,36.07,0.148
2026-02-27 01:00:00,23457.13,23656.24,199.11,0.849
2026-02-27 02:00:00,23027.33,23365.55,338.23,1.469
2026-02-27 03:00:00,23083.4,23736.85,653.45,2.831
2026-02-27 04:00:00,23905.95,24849.14,943.19,3.945
2026-02-27 05:00:00,26846.53,27015.51,168.98,0.629
2026-02-27 06:00:00,30672.73,29243.99,1428.74,4.658
2026-02-27 07:00:00,31941.01,30708.47,1232.54,3.859
2026-02-27 08:00:00,31284.16,31413.84,129.68,0.415
2026-02-27 09:00:00,30202.27,31228.32,1026.05,3.397
2026-02-27 10:00:00,29036.32,30502.28,1465.96,5.049
2026-02-27 11:00:00,28692.26,29962.6,1270.34,4.427
2026-02-27 12:00:00,28685.84,29506.15,820.31,2.86
2026-02-27 13:00:00,28404.68,29042.74,638.06,2.246
2026-02-27 14:00:00,28064.35,28510.08,445.73,1.588
2026-02-27 15:00:00,28352.37,28152.81,199.56,0.704
2026-02-27 16:00:00,29258.97,28492.83,766.14,2.618
2026-02-27 17:00:00,30649.11,29668.9,980.2,3.198
2026-02-27 18:00:00,32899.27,30985.34,1913.93,5.818
2026-02-27 19:00:00,33658.63,31677.13,1981.5,5.887
2026-02-27 20:00:00,32867.23,31194.87,1672.37,5.088
2026-02-27 21:00:00,30083.28,29222.54,860.74,2.861
2026-02-27 22:00:00,27546.82,27331.68,215.14,0.781
2026-02-27 23:00:00,25899.68,25599.67,300.01,1.158
2026-02-28 00:00:00,24160.6,24211.07,50.47,0.209
2026-02-28 01:00:00,22891.59,23039.86,148.27,0.648
2026-02-28 02:00:00,22239.53,22090.59,148.94,0.67
2026-02-28 03:00:00,21849.61,21530.34,319.27,1.461
2026-02-28 04:00:00,21864.68,21560.22,304.46,1.392
2026-02-28 05:00:00,22523.79,22405.31,118.48,0.526
2026-02-28 06:00:00,23761.18,24082.13,320.95,1.351
2026-02-28 07:00:00,25115.8,25745.33,629.52,2.506
2026-02-28 08:00:00,26599.6,26939.3,339.7,1.277
2026-02-28 09:00:00,27158.31,27346.62,188.31,0.693
2026-02-28 10:00:00,26712.79,27135.45,422.65,1.582
2026-02-28 11:00:00,26209.36,26955.66,746.3,2.847
2026-02-28 12:00:00,26077.02,26740.0,662.98,2.542
2026-02-28 13:00:00,25900.53,25980.41,79.88,0.308
2026-02-28 14:00:00,25172.78,25531.03,358.25,1.423
2026-02-28 15:00:00,25003.43,25377.34,373.92,1.495
2026-02-28 16:00:00,25512.3,25758.98,246.68,0.967
2026-02-28 17:00:00,26770.3,27113.92,343.61,1.284
2026-02-28 18:00:00,28488.6,28600.19,111.6,0.392
2026-02-28 19:00:00,29589.29,29146.26,443.03,1.497
2026-02-28 20:00:00,29350.66,28537.54,813.12,2.77
2026-02-28 21:00:00,27473.75,26875.53,598.22,2.177
2026-02-28 22:00:00,25415.77,24947.0,468.76,1.844
2026-02-28 23:00:00,23723.71,23189.28,534.43,2.253
2026-03-01 00:00:00,22195.09,21850.67,344.42,1.552
2026-03-01 01:00:00,21200.53,20571.63,628.9,2.966
2026-03-01 02:00:00,20563.7,19474.96,1088.73,5.294
2026-03-01 03:00:00,20253.86,18812.61,1441.25,7.116
2026-03-01 04:00:00,20460.63,18885.61,1575.02,7.698
2026-03-01 05:00:00,21053.73,20118.89,934.84,4.44
2026-03-01 06:00:00,21645.65,22101.71,456.07,2.107
2026-03-01 07:00:00,22255.15,24037.55,1782.4,8.009
2026-03-01 08:00:00,23514.8,25064.52,1549.72,6.59
2026-03-01 09:00:00,24187.42,25581.54,1394.12,5.764
2026-03-01 10:00:00,23765.64,25598.48,1832.85,7.712
2026-03-01 11:00:00,23487.23,25585.19,2097.96,8.932
2026-03-01 12:00:00,23719.75,25020.12,1300.37,5.482
2026-03-01 13:00:00,23611.75,24443.38,831.62,3.522
2026-03-01 14:00:00,22687.18,23828.56,1141.38,5.031
2026-03-01 15:00:00,22427.91,23760.79,1332.88,5.943
2026-03-01 16:00:00,23069.52,24694.32,1624.79,7.043
2026-03-01 17:00:00,25166.72,26897.55,1730.83,6.877
2026-03-01 18:00:00,28282.43,29267.81,985.38,3.484
2026-03-01 19:00:00,29977.27,30559.48,582.21,1.942
2026-03-01 20:00:00,29951.94,30086.76,134.83,0.45
2026-03-01 21:00:00,28188.77,27764.99,423.78,1.503
2026-03-01 22:00:00,25678.19,25801.81,123.62,0.481
2026-03-01 23:00:00,23698.2,24080.98,382.78,1.615
2026-03-02 00:00:00,22350.69,22871.05,520.36,2.328
2026-03-02 01:00:00,21506.36,21979.55,473.19,2.2
2026-03-02 02:00:00,21309.07,21490.91,181.84,0.853
2026-03-02 03:00:00,21404.99,21949.42,544.43,2.543
2026-03-02 04:00:00,22525.98,23571.89,1045.91,4.643
2026-03-02 05:00:00,26034.99,26615.79,580.8,2.231
2026-03-02 06:00:00,30425.5,29322.43,1103.07,3.625
2026-03-02 07:00:00,32443.88,31235.11,1208.77,3.726
2026-03-02 08:00:00,32052.7,32097.89,45.19,0.141
2026-03-02 09:00:00,31809.74,31720.17,89.57,0.282
2026-03-02 10:00:00,31281.77,31125.25,156.53,0.5
2026-03-02 11:00:00,30675.07,31003.18,328.11,1.07
2026-03-02 12:00:00,30555.62,30588.9,33.29,0.109
2026-03-02 13:00:00,30437.43,30186.49,250.94,0.824
2026-03-02 14:00:00,30133.47,29531.88,601.59,1.996
2026-03-02 15:00:00,30072.08,29430.5,641.58,2.133
2026-03-02 16:00:00,30760.29,30102.71,657.58,2.138
2026-03-02 17:00:00,31830.54,31905.22,74.68,0.235
2026-03-02 18:00:00,34273.86,33487.12,786.73,2.295
2026-03-02 19:00:00,35481.84,34118.75,1363.08,3.842
2026-03-02 20:00:00,34318.56,33267.4,1051.16,3.063
2026-03-02 21:00:00,31204.26,30395.09,809.18,2.593
2026-03-02 22:00:00,28005.47,27780.33,225.14,0.804
2026-03-02 23:00:00,26090.3,25764.16,326.14,1.25
2026-03-03 00:00:00,24539.83,24503.49,36.34,0.148
2026-03-03 01:00:00,23515.77,23482.59,33.19,0.141
2026-03-03 02:00:00,23168.98,22823.63,345.36,1.491
2026-03-03 03:00:00,23172.42,23214.85,42.42,0.183
2026-03-03 04:00:00,23929.63,24821.31,891.68,3.726
2026-03-03 05:00:00,26825.8,27630.73,804.93,3.001
2026-03-03 06:00:00,30806.33,30071.62,734.71,2.385
2026-03-03 07:00:00,32670.79,31790.96,879.84,2.693
2026-03-03 08:00:00,32716.4,32590.81,125.6,0.384
2026-03-03 09:00:00,32074.48,32350.19,275.71,0.86
2026-03-03 10:00:00,31504.08,31766.21,262.13,0.832
2026-03-03 11:00:00,31352.35,31593.67,241.32,0.77
2026-03-03 12:00:00,31286.53,31198.66,87.87,0.281
2026-03-03 13:00:00,31084.24,30774.19,310.05,0.997
2026-03-03 14:00:00,30520.97,30104.09,416.88,1.366
2026-03-03 15:00:00,30256.41,29947.52,308.89,1.021
2026-03-03 16:00:00,30814.89,30494.14,320.75,1.041
2026-03-03 17:00:00,32025.88,32153.21,127.33,0.398
2026-03-03 18:00:00,34277.83,33655.89,621.93,1.814
2026-03-03 19:00:00,35641.95,34239.36,1402.59,3.935
2026-03-03 20:00:00,34485.96,33452.85,1033.11,2.996
2026-03-03 21:00:00,31324.32,30604.17,720.14,2.299
2026-03-03 22:00:00,28216.29,27923.62,292.67,1.037
2026-03-03 23:00:00,26164.45,25904.51,259.94,0.993
2026-03-04 00:00:00,24653.45,24626.34,27.11,0.11
2026-03-04 01:00:00,23695.02,23604.51,90.5,0.382
2026-03-04 02:00:00,23282.13,22919.31,362.82,1.558
2026-03-04 03:00:00,23228.84,23293.96,65.12,0.28
2026-03-04 04:00:00,24236.16,24893.22,657.06,2.711
2026-03-04 05:00:00,27261.29,27676.88,415.59,1.524
2026-03-04 06:00:00,31230.85,30125.09,1105.76,3.541
2026-03-04 07:00:00,33009.47,31859.5,1149.97,3.484
2026-03-04 08:00:00,32841.8,32697.96,143.84,0.438
2026-03-04 09:00:00,32391.26,32369.71,21.55,0.067
2026-03-04 10:00:00,31754.87,31799.1,44.24,0.139
2026-03-04 11:00:00,31577.76,31618.61,40.85,0.129
2026-03-04 12:00:00,31929.45,31231.74,697.71,2.185
2026-03-04 13:00:00,31973.16,30849.37,1123.79,3.515
2026-03-04 14:00:00,31579.2,30310.01,1269.19,4.019
2026-03-04 15:00:00,31403.54,30314.14,1089.4,3.469
2026-03-04 16:00:00,31771.19,31020.35,750.84,2.363
2026-03-04 17:00:00,32503.31,32744.64,241.33,0.742
2026-03-04 18:00:00,34398.09,34052.91,345.17,1.003
2026-03-04 19:00:00,35652.03,34391.89,1260.14,3.535
2026-03-04 20:00:00,34631.84,33384.62,1247.21,3.601
2026-03-04 21:00:00,31473.14,30496.52,976.62,3.103
2026-03-04 22:00:00,28156.55,27891.59,264.96,0.941
2026-03-04 23:00:00,26084.93,25921.49,163.44,0.627
2026-03-05 00:00:00,24535.76,24669.29,133.53,0.544
2026-03-05 01:00:00,23492.91,23686.32,193.41,0.823
2026-03-05 02:00:00,23179.79,23025.79,154.0,0.664
2026-03-05 03:00:00,23131.39,23412.87,281.48,1.217
2026-03-05 04:00:00,23895.62,25056.04,1160.42,4.856
2026-03-05 05:00:00,26800.88,27932.56,1131.69,4.223
2026-03-05 06:00:00,30572.08,30379.88,192.2,0.629
2026-03-05 07:00:00,32435.48,31933.15,502.33,1.549
2026-03-05 08:00:00,32531.73,32726.05,194.32,0.597
2026-03-05 09:00:00,32339.0,32584.6,245.6,0.759
2026-03-05 10:00:00,32321.44,31981.76,339.68,1.051
2026-03-05 11:00:00,32692.91,31745.33,947.58,2.898
2026-03-05 12:00:00,33011.45,31511.14,1500.31,4.545
2026-03-05 13:00:00,32698.02,31374.3,1323.72,4.048
2026-03-05 14:00:00,32419.89,31158.63,1261.26,3.89
2026-03-05 15:00:00,32239.55,31344.75,894.79,2.775
2026-03-05 16:00:00,32353.97,32001.56,352.41,1.089
2026-03-05 17:00:00,33063.43,33146.5,83.08,0.251
2026-03-05 18:00:00,34913.63,34211.22,702.41,2.012
2026-03-05 19:00:00,36047.64,34627.77,1419.87,3.939
2026-03-05 20:00:00,35109.16,33792.46,1316.7,3.75
2026-03-05 21:00:00,32013.35,31132.61,880.74,2.751
2026-03-05 22:00:00,28815.3,28783.63,31.68,0.11
2026-03-05 23:00:00,26894.51,26880.13,14.38,0.053
2026-03-06 00:00:00,25416.31,25506.35,90.04,0.354
2026-03-06 01:00:00,24347.0,24660.55,313.54,1.288
2026-03-06 02:00:00,24009.12,24268.97,259.85,1.082
2026-03-06 03:00:00,23998.19,24549.47,551.29,2.297
2026-03-06 04:00:00,24730.28,25576.84,846.56,3.423
2026-03-06 05:00:00,27593.99,27677.11,83.12,0.301
2026-03-06 06:00:00,31368.36,30277.35,1091.01,3.478
2026-03-06 07:00:00,33192.52,32016.72,1175.8,3.542
2026-03-06 08:00:00,33818.43,32872.33,946.1,2.798
2026-03-06 09:00:00,33991.06,33034.82,956.24,2.813
2026-03-06 10:00:00,34081.16,32628.29,1452.88,4.263
2026-03-06 11:00:00,34217.89,32370.65,1847.24,5.398
2026-03-06 12:00:00,34297.67,32221.48,2076.19,6.053
2026-03-06 13:00:00,33485.74,32073.63,1412.11,4.217
2026-03-06 14:00:00,32405.53,31805.8,599.73,1.851
2026-03-06 15:00:00,32230.63,31498.21,732.42,2.272
2026-03-06 16:00:00,32621.09,31649.76,971.33,2.978
2026-03-06 17:00:00,33235.99,32333.21,902.78,2.716
2026-03-06 18:00:00,34933.41,33195.75,1737.66,4.974
2026-03-06 19:00:00,35527.45,33685.16,1842.29,5.186
2026-03-06 20:00:00,34336.11,33143.27,1192.84,3.474
2026-03-06 21:00:00,31400.36,31082.3,318.06,1.013
2026-03-06 22:00:00,28732.69,28905.19,172.5,0.6
2026-03-06 23:00:00,26792.71,26841.41,48.7,0.182
2026-03-07 00:00:00,24795.95,25158.63,362.68,1.463
2026-03-07 01:00:00,23542.32,23778.54,236.21,1.003
2026-03-07 02:00:00,22858.28,22751.53,106.75,0.467
2026-03-07 03:00:00,22475.87,22243.96,231.91,1.032
2026-03-07 04:00:00,22530.62,22418.99,111.63,0.495
2026-03-07 05:00:00,23121.47,23462.63,341.16,1.475
2026-03-07 06:00:00,24155.83,25211.96,1056.12,4.372
2026-03-07 07:00:00,25352.29,26802.85,1450.56,5.722
2026-03-07 08:00:00,27039.1,27823.7,784.6,2.902
2026-03-07 09:00:00,27902.99,28094.56,191.57,0.687
2026-03-07 10:00:00,27681.5,27825.49,143.99,0.52
2026-03-07 11:00:00,27279.98,27660.72,380.74,1.396
2026-03-07 12:00:00,27438.74,27544.68,105.94,0.386
2026-03-07 13:00:00,27367.99,26995.14,372.85,1.362
2026-03-07 14:00:00,26883.53,26660.55,222.98,0.829
2026-03-07 15:00:00,26490.6,26544.72,54.12,0.204
2026-03-07 16:00:00,26887.79,26792.42,95.38,0.355
2026-03-07 17:00:00,28076.7,27955.83,120.88,0.431
2026-03-07 18:00:00,29779.25,29618.45,160.8,0.54
2026-03-07 19:00:00,30737.87,30493.92,243.95,0.794
2026-03-07 20:00:00,30571.23,30094.94,476.29,1.558
2026-03-07 21:00:00,28644.5,28453.71,190.79,0.666
2026-03-07 22:00:00,26512.17,26372.02,140.15,0.529
2026-03-07 23:00:00,24610.31,24446.93,163.38,0.664
2026-03-08 00:00:00,22853.45,22900.54,47.1,0.206
2026-03-08 01:00:00,21736.22,21413.22,323.0,1.486
2026-03-08 02:00:00,20942.18,20176.61,765.57,3.656
2026-03-08 03:00:00,20725.59,19403.95,1321.64,6.377
2026-03-08 04:00:00,20825.55,19347.55,1478.0,7.097
2026-03-08 05:00:00,21281.49,20560.92,720.58,3.386
2026-03-08 06:00:00,21685.64,22686.03,1000.39,4.613
2026-03-08 07:00:00,22468.59,24773.82,2305.23,10.26
2026-03-08 08:00:00,24110.46,25887.35,1776.9,7.37
2026-03-08 09:00:00,25238.27,26484.43,1246.16,4.938
2026-03-08 10:00:00,24955.79,26613.09,1657.29,6.641
2026-03-08 11:00:00,24725.8,26794.9,2069.11,8.368
2026-03-08 12:00:00,25267.7,26384.5,1116.8,4.42
2026-03-08 13:00:00,25287.81,25927.52,639.71,2.53
2026-03-08 14:00:00,24483.55,25356.3,872.76,3.565
2026-03-08 15:00:00,24471.3,25305.34,834.03,3.408
2026-03-08 16:00:00,25360.55,26141.46,780.91,3.079
2026-03-08 17:00:00,26820.09,28259.18,1439.1,5.366
2026-03-08 18:00:00,29209.12,30479.95,1270.83,4.351
2026-03-08 19:00:00,30982.17,31627.09,644.92,2.082
2026-03-08 20:00:00,30775.11,30973.14,198.03,0.643
2026-03-08 21:00:00,28842.55,28474.59,367.97,1.276
2026-03-08 22:00:00,26186.37,26375.63,189.25,0.723
2026-03-08 23:00:00,24100.57,24595.47,494.89,2.053
2026-03-09 00:00:00,22612.41,23328.88,716.47,3.168
2026-03-09 01:00:00,21755.13,22366.1,610.97,2.808
2026-03-09 02:00:00,21362.29,21802.41,440.12,2.06
2026-03-09 03:00:00,21579.33,22298.15,718.82,3.331
2026-03-09 04:00:00,22747.75,24002.84,1255.09,5.517
2026-03-09 05:00:00,26350.35,27164.07,813.72,3.088
2026-03-09 06:00:00,30487.47,30075.95,411.52,1.35
2026-03-09 07:00:00,32209.28,32025.59,183.69,0.57
2026-03-09 08:00:00,32129.11,32777.68,648.57,2.019
2026-03-09 09:00:00,31301.38,32336.09,1034.71,3.306
2026-03-09 10:00:00,30629.16,31594.81,965.66,3.153
2026-03-09 11:00:00,30488.21,31299.07,810.86,2.66
2026-03-09 12:00:00,30642.57,30784.6,142.03,0.464
2026-03-09 13:00:00,30798.54,30360.74,437.8,1.422
2026-03-09 14:00:00,31021.61,29734.17,1287.44,4.15
2026-03-09 15:00:00,31294.9,29790.86,1504.04,4.806
2026-03-09 16:00:00,31673.24,30682.96,990.29,3.127
2026-03-09 17:00:00,32690.06,32562.73,127.33,0.39
2026-03-09 18:00:00,34905.13,34045.14,859.99,2.464
2026-03-09 19:00:00,36379.33,34564.12,1815.2,4.99
2026-03-09 20:00:00,35342.28,33628.66,1713.62,4.849
2026-03-09 21:00:00,31832.03,30787.21,1044.83,3.282
2026-03-09 22:00:00,28554.96,28200.14,354.82,1.243
2026-03-09 23:00:00,26302.89,26171.21,131.68,0.501
2026-03-10 00:00:00,24836.93,24867.18,30.25,0.122
2026-03-10 01:00:00,23793.0,23816.79,23.79,0.1
2026-03-10 02:00:00,23286.31,23110.63,175.69,0.754
2026-03-10 03:00:00,23307.07,23469.63,162.57,0.697
2026-03-10 04:00:00,24214.34,25124.43,910.09,3.758
2026-03-10 05:00:00,27311.25,28062.96,751.71,2.752
2026-03-10 06:00:00,31199.45,30615.56,583.89,1.871
2026-03-10 07:00:00,33195.67,32363.63,832.04,2.506
2026-03-10 08:00:00,33374.94,33098.65,276.29,0.828
2026-03-10 09:00:00,32960.77,32816.21,144.55,0.439
2026-03-10 10:00:00,32417.83,32339.47,78.36,0.242
2026-03-10 11:00:00,32124.72,32258.77,134.04,0.417
2026-03-10 12:00:00,32196.83,31911.55,285.28,0.886
2026-03-10 13:00:00,31784.74,31545.56,239.18,0.752
2026-03-10 14:00:00,31149.25,30898.59,250.66,0.805
2026-03-10 15:00:00,31091.48,30731.43,360.05,1.158
2026-03-10 16:00:00,31580.58,31198.81,381.76,1.209
2026-03-10 17:00:00,32625.52,32793.42,167.89,0.515
2026-03-10 18:00:00,35020.71,34183.26,837.45,2.391
2026-03-10 19:00:00,36583.84,34692.83,1891.02,5.169
2026-03-10 20:00:00,35495.99,33868.24,1627.75,4.586
2026-03-10 21:00:00,32154.5,31013.15,1141.35,3.55
2026-03-10 22:00:00,28814.17,28359.56,454.61,1.578
2026-03-10 23:00:00,26473.25,26288.15,185.1,0.699
2026-03-11 00:00:00,24663.79,24960.07,296.28,1.201
2026-03-11 01:00:00,23591.72,23883.66,291.94,1.237
2026-03-11 02:00:00,23162.21,23112.19,50.01,0.216
2026-03-11 03:00:00,23239.79,23438.26,198.47,0.854
2026-03-11 04:00:00,24120.0,25046.8,926.81,3.842
2026-03-11 05:00:00,27305.6,27914.79,609.19,2.231
2026-03-11 06:00:00,31324.26,30445.04,879.22,2.807
2026-03-11 07:00:00,32760.07,32204.54,555.53,1.696
2026-03-11 08:00:00,32125.23,32964.34,839.11,2.612
2026-03-11 09:00:00,31392.77,32462.55,1069.78,3.408
2026-03-11 10:00:00,30411.88,31698.71,1286.83,4.231
2026-03-11 11:00:00,29777.67,31316.43,1538.75,5.167
2026-03-11 12:00:00,29873.13,30667.49,794.36,2.659
2026-03-11 13:00:00,29972.75,30011.76,39.0,0.13
2026-03-11 14:00:00,29817.22,29223.54,593.69,1.991
2026-03-11 15:00:00,29945.13,29136.58,808.56,2.7
2026-03-11 16:00:00,30148.23,30067.52,80.71,0.268
2026-03-11 17:00:00,31138.75,31960.4,821.65,2.639
2026-03-11 18:00:00,33758.88,33413.25,345.62,1.024
2026-03-11 19:00:00,35641.71,33934.38,1707.33,4.79
2026-03-11 20:00:00,34651.89,33170.28,1481.61,4.276
2026-03-11 21:00:00,31422.69,30387.9,1034.79,3.293
2026-03-11 22:00:00,28253.9,27836.79,417.11,1.476
2026-03-11 23:00:00,26084.57,25944.31,140.26,0.538
2026-03-12 00:00:00,24446.77,24753.86,307.09,1.256
2026-03-12 01:00:00,23366.62,23763.45,396.82,1.698
2026-03-12 02:00:00,22929.83,23071.12,141.29,0.616
2026-03-12 03:00:00,23047.88,23427.11,379.23,1.645
2026-03-12 04:00:00,23889.89,25082.79,1192.9,4.993
2026-03-12 05:00:00,27018.64,27928.73,910.09,3.368
2026-03-12 06:00:00,30799.99,30331.67,468.32,1.521
2026-03-12 07:00:00,31800.33,31869.78,69.45,0.218
2026-03-12 08:00:00,30750.14,32553.15,1803.01,5.863
2026-03-12 09:00:00,29832.03,32075.63,2243.61,7.521
2026-03-12 10:00:00,28665.56,31115.8,2450.25,8.548
2026-03-12 11:00:00,28235.53,30486.75,2251.22,7.973
2026-03-12 12:00:00,28098.81,29811.08,1712.26,6.094
2026-03-12 13:00:00,27737.83,29203.88,1466.05,5.285
2026-03-12 14:00:00,27500.23,28520.24,1020.01,3.709
2026-03-12 15:00:00,27582.86,28168.31,585.45,2.123
2026-03-12 16:00:00,28563.52,28664.0,100.48,0.352
2026-03-12 17:00:00,30184.89,30109.35,75.54,0.25
2026-03-12 18:00:00,32996.8,31627.13,1369.68,4.151
2026-03-12 19:00:00,34917.02,32405.4,2511.62,7.193
2026-03-12 20:00:00,34191.7,31986.16,2205.54,6.451
2026-03-12 21:00:00,31288.12,29658.69,1629.42,5.208
2026-03-12 22:00:00,28190.34,27654.52,535.81,1.901
2026-03-12 23:00:00,26217.67,26009.03,208.63,0.796
2026-03-13 00:00:00,24680.71,24916.4,235.69,0.955
2026-03-13 01:00:00,23694.69,24184.56,489.87,2.067
2026-03-13 02:00:00,23282.68,23837.66,554.98,2.384
2026-03-13 03:00:00,23213.76,24097.71,883.95,3.808
2026-03-13 04:00:00,24077.65,25068.24,990.6,4.114
2026-03-13 05:00:00,27197.43,27056.65,140.78,0.518
2026-03-13 06:00:00,31056.91,29279.04,1777.88,5.725
2026-03-13 07:00:00,31750.88,30798.25,952.63,3.0
2026-03-13 08:00:00,30353.13,31480.76,1127.63,3.715
2026-03-13 09:00:00,29151.84,31212.58,2060.74,7.069
2026-03-13 10:00:00,28175.19,30363.73,2188.54,7.768
2026-03-13 11:00:00,27592.43,29718.95,2126.52,7.707
2026-03-13 12:00:00,27376.51,29177.15,1800.64,6.577
2026-03-13 13:00:00,27098.38,28624.96,1526.58,5.633
2026-03-13 14:00:00,26833.27,27983.04,1149.77,4.285
2026-03-13 15:00:00,27266.7,27432.62,165.91,0.608
2026-03-13 16:00:00,28428.88,27622.07,806.8,2.838
2026-03-13 17:00:00,29885.59,28814.11,1071.48,3.585
2026-03-13 18:00:00,32189.2,30210.7,1978.5,6.146
2026-03-13 19:00:00,33314.1,31032.77,2281.33,6.848
2026-03-13 20:00:00,32432.91,30870.03,1562.89,4.819
2026-03-13 21:00:00,29886.8,29066.39,820.42,2.745
2026-03-13 22:00:00,27098.12,27170.14,72.02,0.266
2026-03-13 23:00:00,25388.55,25514.62,126.06,0.497
2026-03-14 00:00:00,23809.16,24225.21,416.06,1.747
2026-03-14 01:00:00,22521.86,23174.24,652.39,2.897
2026-03-14 02:00:00,21870.71,22291.42,420.7,1.924
2026-03-14 03:00:00,21604.28,21711.72,107.44,0.497
2026-03-14 04:00:00,21708.71,21622.47,86.23,0.397
2026-03-14 05:00:00,22422.43,22249.55,172.88,0.771
2026-03-14 06:00:00,23267.89,23613.51,345.61,1.485
2026-03-14 07:00:00,24803.79,24942.57,138.77,0.559
2026-03-14 08:00:00,26652.05,25966.38,685.68,2.573
2026-03-14 09:00:00,27711.12,26499.39,1211.72,4.373
2026-03-14 10:00:00,27972.48,26572.48,1400.0,5.005
2026-03-14 11:00:00,27666.68,26629.29,1037.39,3.75
2026-03-14 12:00:00,27717.83,26679.83,1038.0,3.745
2026-03-14 13:00:00,27449.43,26183.45,1265.98,4.612
2026-03-14 14:00:00,26384.07,25867.6,516.47,1.958
2026-03-14 15:00:00,25795.2,25753.28,41.92,0.163
2026-03-14 16:00:00,25980.09,25976.21,3.89,0.015
2026-03-14 17:00:00,27100.25,26951.21,149.04,0.55
2026-03-14 18:00:00,28845.99,28392.45,453.55,1.572
2026-03-14 19:00:00,30002.16,29204.71,797.45,2.658
2026-03-14 20:00:00,29704.84,28921.45,783.39,2.637
2026-03-14 21:00:00,27879.57,27441.26,438.31,1.572
2026-03-14 22:00:00,25757.71,25521.0,236.71,0.919
2026-03-14 23:00:00,23915.34,23685.02,230.32,0.963
2026-03-15 00:00:00,22368.62,22218.86,149.76,0.669
2026-03-15 01:00:00,21215.3,20849.73,365.58,1.723
2026-03-15 02:00:00,20674.94,19679.33,995.61,4.816
2026-03-15 03:00:00,20555.0,18974.34,1580.66,7.69
2026-03-15 04:00:00,20587.23,18969.35,1617.88,7.859
2026-03-15 05:00:00,21100.36,20149.81,950.55,4.505
2026-03-15 06:00:00,21138.11,22175.17,1037.07,4.906
2026-03-15 07:00:00,21695.8,24119.21,2423.41,11.17
2026-03-15 08:00:00,22610.68,25101.83,2491.15,11.018
2026-03-15 09:00:00,23021.5,25526.35,2504.85,10.88
2026-03-15 10:00:00,22880.77,25408.0,2527.23,11.045
2026-03-15 11:00:00,22604.1,25310.79,2706.69,11.974
2026-03-15 12:00:00,22639.78,24661.78,2022.0,8.931
2026-03-15 13:00:00,22715.9,23973.14,1257.24,5.535
2026-03-15 14:00:00,21815.22,23283.8,1468.58,6.732
2026-03-15 15:00:00,21749.26,23240.55,1491.29,6.857
2026-03-15 16:00:00,22708.32,24334.06,1625.75,7.159
2026-03-15 17:00:00,24567.23,26718.04,2150.81,8.755
2026-03-15 18:00:00,27562.75,29079.2,1516.45,5.502
2026-03-15 19:00:00,29883.08,30242.15,359.07,1.202
2026-03-15 20:00:00,29793.7,29826.22,32.52,0.109
2026-03-15 21:00:00,28037.73,27575.02,462.71,1.65
2026-03-15 22:00:00,25528.14,25674.36,146.22,0.573
2026-03-15 23:00:00,23570.68,23976.53,405.85,1.722
2026-03-16 00:00:00,22091.45,22778.21,686.77,3.109
2026-03-16 01:00:00,21339.4,21895.28,555.88,2.605
2026-03-16 02:00:00,21084.54,21413.85,329.3,1.562
2026-03-16 03:00:00,21316.9,21829.48,512.58,2.405
2026-03-16 04:00:00,22361.21,23398.17,1036.96,4.637
2026-03-16 05:00:00,25951.39,26365.71,414.32,1.597
2026-03-16 06:00:00,30011.88,29006.17,1005.71,3.351
2026-03-16 07:00:00,31022.24,30866.92,155.32,0.501
2026-03-16 08:00:00,29960.86,31547.9,1587.04,5.297
2026-03-16 09:00:00,28865.09,30851.96,1986.87,6.883
2026-03-16 10:00:00,28029.82,29864.4,1834.58,6.545
2026-03-16 11:00:00,27450.18,29421.93,1971.75,7.183
2026-03-16 12:00:00,27374.77,28710.23,1335.46,4.878
2026-03-16 13:00:00,27079.7,28093.94,1014.25,3.745
2026-03-16 14:00:00,26834.88,27241.68,406.8,1.516
2026-03-16 15:00:00,27162.75,27078.55,84.2,0.31
2026-03-16 16:00:00,28288.35,28060.49,227.85,0.805
2026-03-16 17:00:00,29558.31,30183.22,624.91,2.114
2026-03-16 18:00:00,32234.13,31954.8,279.33,0.867
2026-03-16 19:00:00,34307.94,32647.87,1660.07,4.839
2026-03-16 20:00:00,33473.34,31924.36,1548.98,4.628
2026-03-16 21:00:00,30428.16,29315.13,1113.04,3.658
2026-03-16 22:00:00,27431.16,27032.73,398.43,1.452
2026-03-16 23:00:00,25493.69,25290.36,203.33,0.798
2026-03-17 00:00:00,24179.56,24177.15,2.4,0.01
2026-03-17 01:00:00,23195.4,23237.99,42.6,0.184
2026-03-17 02:00:00,22808.28,22661.07,147.21,0.645
2026-03-17 03:00:00,22918.73,23033.14,114.4,0.499
2026-03-17 04:00:00,23733.71,24586.31,852.6,3.592
2026-03-17 05:00:00,26782.25,27206.69,424.45,1.585
2026-03-17 06:00:00,30322.73,29476.99,845.74,2.789
2026-03-17 07:00:00,30936.03,31115.58,179.55,0.58
2026-03-17 08:00:00,29411.34,31692.93,2281.6,7.758
2026-03-17 09:00:00,28037.12,30954.78,2917.66,10.406
2026-03-17 10:00:00,26858.01,29867.56,3009.55,11.205
2026-03-17 11:00:00,26464.38,29310.08,2845.7,10.753
2026-03-17 12:00:00,26336.49,28509.13,2172.64,8.25
2026-03-17 13:00:00,26032.71,27698.95,1666.23,6.401
2026-03-17 14:00:00,25889.87,26669.19,779.32,3.01
2026-03-17 15:00:00,26184.91,26516.49,331.58,1.266
2026-03-17 16:00:00,27295.26,27599.91,304.65,1.116
2026-03-17 17:00:00,28899.69,29675.66,775.97,2.685
2026-03-17 18:00:00,31418.09,31436.33,18.25,0.058
2026-03-17 19:00:00,33415.38,32132.14,1283.24,3.84
2026-03-17 20:00:00,32562.36,31466.04,1096.32,3.367
2026-03-17 21:00:00,29782.36,28963.34,819.02,2.75
2026-03-17 22:00:00,26911.96,26780.3,131.66,0.489
2026-03-17 23:00:00,25121.31,25136.8,15.49,0.062
2026-03-18 00:00:00,23665.69,24080.91,415.22,1.755
2026-03-18 01:00:00,22777.98,23183.87,405.89,1.782
2026-03-18 02:00:00,22382.87,22624.11,241.24,1.078
2026-03-18 03:00:00,22397.71,22935.96,538.25,2.403
2026-03-18 04:00:00,23286.48,24368.51,1082.03,4.647
2026-03-18 05:00:00,26489.55,26716.95,227.4,0.858
2026-03-18 06:00:00,29907.55,28733.93,1173.62,3.924
2026-03-18 07:00:00,30964.14,30201.03,763.12,2.465
2026-03-18 08:00:00,29975.19,30833.67,858.48,2.864
2026-03-18 09:00:00,28771.73,30358.54,1586.81,5.515
2026-03-18 10:00:00,27958.04,29523.79,1565.75,5.6
2026-03-18 11:00:00,27308.48,29120.33,1811.85,6.635
2026-03-18 12:00:00,27494.43,28455.1,960.68,3.494
2026-03-18 13:00:00,27487.57,27749.61,262.03,0.953
2026-03-18 14:00:00,27185.76,26901.8,283.96,1.045
2026-03-18 15:00:00,27506.82,26798.24,708.58,2.576
2026-03-18 16:00:00,28199.18,27839.5,359.68,1.275
2026-03-18 17:00:00,29543.63,29824.96,281.33,0.952
2026-03-18 18:00:00,32238.52,31525.95,712.57,2.21
2026-03-18 19:00:00,33846.05,32262.59,1583.46,4.678
2026-03-18 20:00:00,32926.2,31606.65,1319.54,4.008
2026-03-18 21:00:00,29998.46,29123.17,875.29,2.918
2026-03-18 22:00:00,26957.96,26894.15,63.81,0.237
2026-03-18 23:00:00,24923.73,25217.21,293.47,1.177
2026-03-19 00:00:00,23544.38,24135.17,590.79,2.509
2026-03-19 01:00:00,22617.72,23209.76,592.04,2.618
2026-03-19 02:00:00,22128.2,22674.69,546.49,2.47
2026-03-19 03:00:00,22022.96,23085.82,1062.86,4.826
2026-03-19 04:00:00,22550.63,24655.3,2104.66,9.333
2026-03-19 05:00:00,24728.5,27132.58,2404.08,9.722
2026-03-19 06:00:00,27379.89,28991.09,1611.2,5.885
2026-03-19 07:00:00,28051.8,29896.23,1844.43,6.575
2026-03-19 08:00:00,27716.99,29972.23,2255.24,8.137
2026-03-19 09:00:00,26938.78,29416.58,2477.81,9.198
2026-03-19 10:00:00,26428.69,28609.26,2180.57,8.251
2026-03-19 11:00:00,26747.8,28173.89,1426.09,5.332
2026-03-19 12:00:00,26794.85,27837.54,1042.69,3.891
2026-03-19 13:00:00,26725.57,27466.36,740.79,2.772
2026-03-19 14:00:00,25981.32,26974.57,993.25,3.823
2026-03-19 15:00:00,26188.19,26539.12,350.93,1.34
2026-03-19 16:00:00,27107.68,26743.45,364.23,1.344
2026-03-19 17:00:00,28295.52,27841.01,454.52,1.606
2026-03-19 18:00:00,30496.07,29405.8,1090.27,3.575
2026-03-19 19:00:00,31932.3,30367.27,1565.03,4.901
2026-03-19 20:00:00,31371.14,30161.33,1209.81,3.856
2026-03-19 21:00:00,28978.93,28182.82,796.12,2.747
2026-03-19 22:00:00,26432.68,26168.94,263.74,0.998
2026-03-19 23:00:00,24874.54,24631.41,243.13,0.977
2026-03-20 00:00:00,23453.98,23630.11,176.13,0.751
2026-03-20 01:00:00,22679.18,22992.57,313.39,1.382
2026-03-20 02:00:00,22290.32,22690.96,400.64,1.797
2026-03-20 03:00:00,22137.67,22876.99,739.32,3.34
2026-03-20 04:00:00,22888.0,23641.94,753.94,3.294
2026-03-20 05:00:00,25563.73,25254.52,309.21,1.21
2026-03-20 06:00:00,28652.05,27202.13,1449.92,5.06
2026-03-20 07:00:00,30076.37,28576.04,1500.32,4.988
2026-03-20 08:00:00,30090.82,29319.59,771.23,2.563
2026-03-20 09:00:00,29508.33,29383.64,124.69,0.423
2026-03-20 10:00:00,28713.55,28880.0,166.45,0.58
2026-03-20 11:00:00,28439.11,28422.85,16.26,0.057
2026-03-20 12:00:00,28564.88,28102.39,462.49,1.619
2026-03-20 13:00:00,28248.04,27791.5,456.54,1.616
2026-03-20 14:00:00,27705.82,27436.36,269.47,0.973
2026-03-20 15:00:00,27609.79,27091.12,518.67,1.879
2026-03-20 16:00:00,28565.0,27292.75,1272.26,4.454
2026-03-20 17:00:00,29720.29,28292.93,1427.36,4.803
2026-03-20 18:00:00,31669.14,29532.35,2136.79,6.747
2026-03-20 19:00:00,32962.52,30240.88,2721.64,8.257
2026-03-20 20:00:00,32063.12,30086.75,1976.37,6.164
2026-03-20 21:00:00,29737.36,28491.92,1245.44,4.188
2026-03-20 22:00:00,27382.46,26822.62,559.85,2.045
2026-03-20 23:00:00,25516.99,25311.12,205.87,0.807
2026-03-21 00:00:00,23944.49,24043.73,99.24,0.414
2026-03-21 01:00:00,22940.67,23009.89,69.21,0.302
2026-03-21 02:00:00,22221.91,22173.65,48.26,0.217
2026-03-21 03:00:00,21979.08,21644.08,335.0,1.524
2026-03-21 04:00:00,22093.49,21579.81,513.69,2.325
2026-03-21 05:00:00,22991.18,22222.32,768.86,3.344
2026-03-21 06:00:00,23680.91,23678.77,2.15,0.009
2026-03-21 07:00:00,24696.2,25163.81,467.61,1.893
2026-03-21 08:00:00,25990.67,26243.61,252.94,0.973
2026-03-21 09:00:00,26128.53,26687.27,558.74,2.138
2026-03-21 10:00:00,25763.38,26547.54,784.16,3.044
2026-03-21 11:00:00,25446.69,26315.03,868.34,3.412
2026-03-21 12:00:00,25726.81,26057.21,330.39,1.284
2026-03-21 13:00:00,25370.15,25325.7,44.45,0.175
2026-03-21 14:00:00,24459.55,24798.66,339.1,1.386
2026-03-21 15:00:00,24349.17,24515.46,166.3,0.683
2026-03-21 16:00:00,24873.65,24815.07,58.58,0.235
2026-03-21 17:00:00,25886.94,26110.47,223.53,0.863
2026-03-21 18:00:00,28009.13,27548.4,460.74,1.645
2026-03-21 19:00:00,29555.88,28218.79,1337.09,4.524
2026-03-21 20:00:00,29570.34,27911.27,1659.07,5.611
2026-03-21 21:00:00,27748.04,26496.01,1252.03,4.512
2026-03-21 22:00:00,25771.77,24804.81,966.96,3.752
2026-03-21 23:00:00,23889.92,23245.51,644.41,2.697
2026-03-22 00:00:00,22315.61,21918.18,397.43,1.781
2026-03-22 01:00:00,21314.55,20630.47,684.08,3.209
2026-03-22 02:00:00,20738.96,19537.64,1201.33,5.793
2026-03-22 03:00:00,20558.76,18894.17,1664.59,8.097
2026-03-22 04:00:00,20581.73,18952.7,1629.03,7.915
2026-03-22 05:00:00,21102.91,20140.36,962.55,4.561
2026-03-22 06:00:00,21144.39,22111.69,967.29,4.575
2026-03-22 07:00:00,21366.62,24002.17,2635.55,12.335
2026-03-22 08:00:00,21894.28,24928.71,3034.43,13.859
2026-03-22 09:00:00,22214.29,25226.56,3012.27,13.56
2026-03-22 10:00:00,21833.97,25014.75,3180.78,14.568
2026-03-22 11:00:00,21628.46,24785.77,3157.31,14.598
2026-03-22 12:00:00,22056.13,24031.73,1975.6,8.957
2026-03-22 13:00:00,22088.23,23320.75,1232.52,5.58
2026-03-22 14:00:00,21416.7,22646.29,1229.59,5.741
2026-03-22 15:00:00,21394.72,22664.6,1269.88,5.935
2026-03-22 16:00:00,22336.3,23851.17,1514.86,6.782
2026-03-22 17:00:00,24017.93,26255.62,2237.69,9.317
2026-03-22 18:00:00,26912.98,28559.85,1646.87,6.119
2026-03-22 19:00:00,29317.6,29642.63,325.03,1.109
2026-03-22 20:00:00,29218.86,29257.03,38.18,0.131
2026-03-22 21:00:00,27395.54,27117.42,278.12,1.015
2026-03-22 22:00:00,24961.61,25255.82,294.21,1.179
2026-03-22 23:00:00,23124.42,23562.82,438.4,1.896
2026-03-23 00:00:00,21940.96,22385.65,444.69,2.027
2026-03-23 01:00:00,21103.5,21571.09,467.59,2.216
2026-03-23 02:00:00,20782.79,21155.45,372.66,1.793
2026-03-23 03:00:00,20894.71,21558.78,664.08,3.178
2026-03-23 04:00:00,22020.31,23027.88,1007.56,4.576
2026-03-23 05:00:00,25715.64,25826.16,110.52,0.43
2026-03-23 06:00:00,29351.08,28357.11,993.96,3.386
2026-03-23 07:00:00,30221.47,30159.99,61.48,0.203
2026-03-23 08:00:00,29140.05,30810.35,1670.29,5.732
2026-03-23 09:00:00,28077.74,30108.36,2030.62,7.232
2026-03-23 10:00:00,27535.02,29134.37,1599.35,5.808
2026-03-23 11:00:00,27146.32,28717.59,1571.27,5.788
2026-03-23 12:00:00,27411.49,28068.3,656.81,2.396
2026-03-23 13:00:00,27318.94,27532.87,213.93,0.783
2026-03-23 14:00:00,27097.84,26798.21,299.63,1.106
2026-03-23 15:00:00,27138.13,26703.48,434.65,1.602
2026-03-23 16:00:00,28031.94,27647.94,383.99,1.37
2026-03-23 17:00:00,29550.34,29653.3,102.96,0.348
2026-03-23 18:00:00,32416.04,31427.96,988.08,3.048
2026-03-23 19:00:00,34574.25,32226.95,2347.3,6.789
2026-03-23 20:00:00,33780.53,31594.95,2185.58,6.47
2026-03-23 21:00:00,30515.78,29133.63,1382.15,4.529
2026-03-23 22:00:00,27492.3,26980.08,512.22,1.863
2026-03-23 23:00:00,25547.8,25278.29,269.51,1.055
2026-03-24 00:00:00,24218.44,24182.86,35.58,0.147
2026-03-24 01:00:00,23369.0,23251.96,117.04,0.501
2026-03-24 02:00:00,22974.94,22696.8,278.13,1.211
2026-03-24 03:00:00,22991.71,23085.34,93.63,0.407
2026-03-24 04:00:00,23899.88,24652.06,752.18,3.147
2026-03-24 05:00:00,27052.27,27301.7,249.43,0.922
2026-03-24 06:00:00,30263.88,29617.19,646.69,2.137
2026-03-24 07:00:00,30899.02,31246.88,347.86,1.126
2026-03-24 08:00:00,29465.21,31770.54,2305.33,7.824
2026-03-24 09:00:00,28058.66,30998.15,2939.49,10.476
2026-03-24 10:00:00,27153.11,29905.79,2752.68,10.138
2026-03-24 11:00:00,26548.51,29384.06,2835.55,10.681
2026-03-24 12:00:00,26700.49,28586.48,1885.98,7.063
2026-03-24 13:00:00,26552.92,27810.04,1257.12,4.734
2026-03-24 14:00:00,26277.46,26851.14,573.67,2.183
2026-03-24 15:00:00,26378.27,26753.01,374.74,1.421
2026-03-24 16:00:00,27774.47,27838.92,64.44,0.232
2026-03-24 17:00:00,29288.25,29947.9,659.65,2.252
2026-03-24 18:00:00,31923.42,31708.91,214.51,0.672
2026-03-24 19:00:00,34288.86,32416.52,1872.34,5.46
2026-03-24 20:00:00,33516.65,31749.48,1767.18,5.273
2026-03-24 21:00:00,30531.68,29261.09,1270.59,4.162
2026-03-24 22:00:00,27493.44,27135.69,357.75,1.301
2026-03-24 23:00:00,25727.73,25486.54,241.19,0.937
2026-03-25 00:00:00,24268.43,24449.82,181.39,0.747
2026-03-25 01:00:00,23366.51,23544.58,178.07,0.762
2026-03-25 02:00:00,22947.59,22954.48,6.89,0.03
2026-03-25 03:00:00,22892.64,23263.92,371.28,1.622
2026-03-25 04:00:00,23684.32,24768.85,1084.53,4.579
2026-03-25 05:00:00,26708.4,27272.04,563.63,2.11
2026-03-25 06:00:00,29843.79,29410.03,433.77,1.453
2026-03-25 07:00:00,30104.1,30867.44,763.35,2.536
2026-03-25 08:00:00,28933.87,31252.82,2318.95,8.015
2026-03-25 09:00:00,27724.4,30441.13,2716.73,9.799
2026-03-25 10:00:00,26900.59,29405.14,2504.55,9.31
2026-03-25 11:00:00,26600.22,28900.31,2300.09,8.647
2026-03-25 12:00:00,26762.72,28180.88,1418.16,5.299
2026-03-25 13:00:00,26711.04,27422.21,711.17,2.662
2026-03-25 14:00:00,26388.52,26520.39,131.88,0.5
2026-03-25 15:00:00,26466.03,26415.29,50.74,0.192
2026-03-25 16:00:00,27596.51,27463.51,133.0,0.482
2026-03-25 17:00:00,28869.99,29474.93,604.94,2.095
2026-03-25 18:00:00,31696.96,31206.2,490.76,1.548
2026-03-25 19:00:00,34004.08,31971.3,2032.78,5.978
2026-03-25 20:00:00,33281.01,31485.05,1795.96,5.396
2026-03-25 21:00:00,30164.85,29150.21,1014.64,3.364
2026-03-25 22:00:00,27042.94,27025.54,17.4,0.064
2026-03-25 23:00:00,25143.92,25374.48,230.57,0.917
2026-03-26 00:00:00,23763.02,24327.07,564.05,2.374
2026-03-26 01:00:00,22802.46,23430.64,628.18,2.755
2026-03-26 02:00:00,22437.9,22864.55,426.65,1.901
2026-03-26 03:00:00,22442.08,23182.41,740.33,3.299
2026-03-26 04:00:00,23306.93,24671.25,1364.32,5.854
2026-03-26 05:00:00,26291.72,27171.45,879.72,3.346
2026-03-26 06:00:00,29457.78,29255.27,202.5,0.687
2026-03-26 07:00:00,30129.13,30521.21,392.08,1.301
2026-03-26 08:00:00,29195.52,30958.76,1763.24,6.039
2026-03-26 09:00:00,28108.74,30383.12,2274.38,8.091
2026-03-26 10:00:00,27186.98,29429.94,2242.96,8.25
2026-03-26 11:00:00,26869.01,28859.91,1990.9,7.41
2026-03-26 12:00:00,27088.14,28268.48,1180.35,4.357
2026-03-26 13:00:00,26868.94,27719.46,850.52,3.165
2026-03-26 14:00:00,26663.36,27093.91,430.55,1.615
2026-03-26 15:00:00,27138.27,26747.98,390.29,1.438
2026-03-26 16:00:00,28099.99,27283.17,816.82,2.907
2026-03-26 17:00:00,29380.6,28761.11,619.49,2.109
2026-03-26 18:00:00,31978.36,30357.86,1620.5,5.067
2026-03-26 19:00:00,34464.76,31232.58,3232.18,9.378
2026-03-26 20:00:00,33622.94,31026.81,2596.12,7.721
2026-03-26 21:00:00,30595.2,28966.57,1628.63,5.323
2026-03-26 22:00:00,27536.43,27091.41,445.02,1.616
2026-03-26 23:00:00,25655.66,25535.35,120.31,0.469
2026-03-27 00:00:00,24171.3,24499.97,328.66,1.36
2026-03-27 01:00:00,23218.63,23789.19,570.56,2.457
2026-03-27 02:00:00,22812.71,23439.24,626.53,2.746
2026-03-27 03:00:00,22813.91,23652.03,838.11,3.674
2026-03-27 04:00:00,23784.93,24555.42,770.5,3.239
2026-03-27 05:00:00,26591.95,26437.98,153.97,0.579
2026-03-27 06:00:00,29618.96,28499.21,1119.75,3.781
2026-03-27 07:00:00,30538.88,29850.66,688.22,2.254
2026-03-27 08:00:00,29663.71,30453.04,789.34,2.661
2026-03-27 09:00:00,28510.7,30256.14,1745.44,6.122
2026-03-27 10:00:00,27621.13,29510.37,1889.24,6.84
2026-03-27 11:00:00,27048.86,28922.46,1873.61,6.927
2026-03-27 12:00:00,27108.08,28427.21,1319.12,4.866
2026-03-27 13:00:00,26734.48,27928.51,1194.03,4.466
2026-03-27 14:00:00,26109.12,27343.24,1234.12,4.727
2026-03-27 15:00:00,26400.01,26781.37,381.36,1.445
2026-03-27 16:00:00,27444.51,26906.06,538.45,1.962
2026-03-27 17:00:00,28740.43,28011.29,729.15,2.537
2026-03-27 18:00:00,31110.23,29338.72,1771.51,5.694
2026-03-27 19:00:00,33133.17,30110.51,3022.66,9.123
2026-03-27 20:00:00,32293.71,30138.62,2155.09,6.673
2026-03-27 21:00:00,29738.35,28561.87,1176.48,3.956
2026-03-27 22:00:00,27244.4,26796.05,448.35,1.646
2026-03-27 23:00:00,25615.68,25279.11,336.57,1.314
2026-03-28 00:00:00,24003.91,24104.93,101.02,0.421
2026-03-28 01:00:00,22702.49,23162.96,460.46,2.028
2026-03-28 02:00:00,22072.65,22360.75,288.1,1.305
2026-03-28 03:00:00,21779.06,21805.42,26.36,0.121
2026-03-28 04:00:00,21737.11,21659.16,77.94,0.359
2026-03-28 05:00:00,22465.32,22171.48,293.84,1.308
2026-03-28 06:00:00,23070.2,23441.76,371.56,1.611
2026-03-28 07:00:00,23848.48,24754.04,905.56,3.797
2026-03-28 08:00:00,24493.22,25695.95,1202.73,4.91
2026-03-28 09:00:00,24597.24,26011.28,1414.04,5.749
2026-03-28 10:00:00,24000.88,25802.9,1802.01,7.508
2026-03-28 11:00:00,23597.51,25422.54,1825.04,7.734
2026-03-28 12:00:00,23844.32,25005.75,1161.44,4.871
2026-03-28 13:00:00,23702.44,24142.98,440.54,1.859
2026-03-28 14:00:00,23074.92,23480.79,405.87,1.759
2026-03-28 15:00:00,23341.5,23162.55,178.95,0.767
2026-03-28 16:00:00,23986.39,23610.54,375.85,1.567
2026-03-28 17:00:00,25104.12,25094.2,9.92,0.04
2026-03-28 18:00:00,27161.24,26526.24,635.0,2.338
2026-03-28 19:00:00,29220.21,27153.01,2067.2,7.075
2026-03-28 20:00:00,29247.78,26947.8,2299.98,7.864
2026-03-28 21:00:00,27336.49,25697.97,1638.52,5.994
2026-03-28 22:00:00,25124.66,24238.34,886.32,3.528
2026-03-28 23:00:00,23504.58,22776.41,728.17,3.098
2026-03-29 00:00:00,22227.05,21500.3,726.75,3.27
2026-03-29 01:00:00,20883.58,20297.18,586.4,2.808
2026-03-29 02:00:00,20307.87,19275.92,1031.96,5.082
2026-03-29 03:00:00,20240.17,18690.45,1549.71,7.657
2026-03-29 04:00:00,20552.57,18844.95,1707.62,8.309
2026-03-29 05:00:00,21166.42,20180.95,985.47,4.656
2026-03-29 06:00:00,21455.74,22177.71,721.97,3.365
2026-03-29 07:00:00,22156.11,23854.15,1698.04,7.664
2026-03-29 08:00:00,22685.99,24548.22,1862.23,8.209
2026-03-29 09:00:00,22680.62,24677.1,1996.48,8.803
2026-03-29 10:00:00,22147.98,24502.87,2354.9,10.633
2026-03-29 11:00:00,22354.96,24194.99,1840.03,8.231
2026-03-29 12:00:00,22487.52,23383.29,895.77,3.983
2026-03-29 13:00:00,21566.71,22752.73,1186.02,5.499
2026-03-29 14:00:00,20947.34,22305.89,1358.55,6.486
2026-03-29 15:00:00,21035.46,22922.24,1886.77,8.969
2026-03-29 16:00:00,22233.07,24815.12,2582.05,11.614
2026-03-29 17:00:00,24394.82,27263.34,2868.52,11.759
2026-03-29 18:00:00,27102.35,28570.08,1467.73,5.416
2026-03-29 19:00:00,29535.63,28583.38,952.25,3.224
2026-03-29 20:00:00,28562.06,27075.56,1486.5,5.204
2026-03-29 21:00:00,26221.78,25465.96,755.82,2.882
2026-03-29 22:00:00,23934.61,23913.22,21.39,0.089
2026-03-29 23:00:00,22477.66,22685.45,207.79,0.924
2026-03-30 00:00:00,21515.71,21867.1,351.39,1.633
2026-03-30 01:00:00,20863.0,21336.27,473.27,2.268
2026-03-30 02:00:00,20933.73,21420.73,487.01,2.326
2026-03-30 03:00:00,21878.4,22427.94,549.54,2.512
2026-03-30 04:00:00,25064.67,24861.76,202.91,0.81
2026-03-30 05:00:00,28825.69,27677.31,1148.38,3.984
2026-03-30 06:00:00,30568.79,29741.66,827.13,2.706
2026-03-30 07:00:00,30629.62,30734.0,104.38,0.341
2026-03-30 08:00:00,30101.78,30448.5,346.71,1.152
2026-03-30 09:00:00,29013.38,29656.52,643.14,2.217
2026-03-30 10:00:00,28294.13,29248.17,954.04,3.372
2026-03-30 11:00:00,27879.14,28729.41,850.27,3.05
2026-03-30 12:00:00,27377.91,28161.87,783.95,2.863
2026-03-30 13:00:00,26552.89,27339.24,786.35,2.961
2026-03-30 14:00:00,25950.54,26909.89,959.35,3.697
2026-03-30 15:00:00,26287.86,27434.07,1146.21,4.36
2026-03-30 16:00:00,27127.58,29129.65,2002.07,7.38
2026-03-30 17:00:00,28689.68,30842.48,2152.79,7.504
2026-03-30 18:00:00,31670.19,31385.46,284.74,0.899
2026-03-30 19:00:00,33194.68,30983.56,2211.12,6.661
2026-03-30 20:00:00,30980.48,29016.75,1963.73,6.339
2026-03-30 21:00:00,28174.48,26867.65,1306.83,4.638
2026-03-30 22:00:00,26016.25,25214.7,801.55,3.081
2026-03-30 23:00:00,24201.12,24109.04,92.09,0.381
2026-03-31 00:00:00,23012.89,23226.34,213.45,0.928
2026-03-31 01:00:00,22460.07,22523.77,63.7,0.284
2026-03-31 02:00:00,22413.3,22554.23,140.93,0.629
2026-03-31 03:00:00,22979.11,23608.48,629.36,2.739
2026-03-31 04:00:00,25482.9,25893.56,410.66,1.612
2026-03-31 05:00:00,28786.78,28276.76,510.01,1.772
2026-03-31 06:00:00,30114.63,30003.83,110.8,0.368
2026-03-31 07:00:00,29820.46,30745.72,925.26,3.103
2026-03-31 08:00:00,28929.53,30424.95,1495.42,5.169
2026-03-31 09:00:00,27780.16,29531.38,1751.21,6.304
2026-03-31 10:00:00,26779.36,29055.16,2275.8,8.498
2026-03-31 11:00:00,26499.46,28414.18,1914.73,7.226
2026-03-31 12:00:00,26129.0,27672.03,1543.03,5.905
2026-03-31 13:00:00,25134.17,26620.48,1486.31,5.913
2026-03-31 14:00:00,24882.72,26062.69,1179.96,4.742
2026-03-31 15:00:00,25325.68,26648.81,1323.13,5.224
2026-03-31 16:00:00,26215.07,28340.75,2125.68,8.109
2026-03-31 17:00:00,27916.71,29996.89,2080.18,7.451
2026-03-31 18:00:00,30776.57,30567.39,209.18,0.68
2026-03-31 19:00:00,32386.8,30286.55,2100.26,6.485
2026-03-31 20:00:00,30145.34,28620.24,1525.1,5.059
2026-03-31 21:00:00,27535.11,26558.69,976.42,3.546
2026-03-31 22:00:00,25296.28,25000.82,295.46,1.168
2026-03-31 23:00:00,23703.41,23960.0,256.59,1.082
2026-04-01 00:00:00,22678.71,23211.34,532.63,2.349
2026-04-01 01:00:00,22170.32,22622.16,451.84,2.038
2026-04-01 02:00:00,22130.53,22623.98,493.46,2.23
2026-04-01 03:00:00,22688.8,23490.04,801.24,3.531
2026-04-01 04:00:00,25311.36,25337.96,26.61,0.105
2026-04-01 05:00:00,28509.29,27319.11,1190.18,4.175
2026-04-01 06:00:00,29782.51,28813.1,969.42,3.255
2026-04-01 07:00:00,29672.53,29546.43,126.1,0.425
2026-04-01 08:00:00,28732.46,29412.98,680.52,2.368
2026-04-01 09:00:00,27751.4,28711.29,959.89,3.459
2026-04-01 10:00:00,27100.94,28216.58,1115.64,4.117
2026-04-01 11:00:00,26842.18,27703.37,861.19,3.208
2026-04-01 12:00:00,26386.98,26990.69,603.71,2.288
2026-04-01 13:00:00,25244.95,26063.16,818.21,3.241
2026-04-01 14:00:00,24733.11,25432.88,699.76,2.829
2026-04-01 15:00:00,25011.04,25830.52,819.48,3.276
2026-04-01 16:00:00,26004.26,27262.22,1257.96,4.838
2026-04-01 17:00:00,27451.04,28928.95,1477.9,5.384
2026-04-01 18:00:00,29685.22,29717.42,32.2,0.108
2026-04-01 19:00:00,30932.21,29585.51,1346.7,4.354
2026-04-01 20:00:00,28868.78,28280.0,588.78,2.039
2026-04-01 21:00:00,26398.2,26153.0,245.2,0.929
2026-04-01 22:00:00,24563.91,24599.42,35.51,0.145
2026-04-01 23:00:00,23006.09,22840.69,165.4,0.719
2026-04-02 00:00:00,21911.75,21392.43,519.32,2.37
2026-04-02 01:00:00,21245.85,20470.43,775.42,3.65
2026-04-02 02:00:00,20875.79,20064.9,810.89,3.884
2026-04-02 03:00:00,20956.68,20090.36,866.32,4.134
2026-04-02 04:00:00,22011.53,20513.7,1497.83,6.805
2026-04-02 05:00:00,23558.35,21448.59,2109.76,8.955
2026-04-02 06:00:00,24038.76,22686.73,1352.03,5.624
2026-04-02 07:00:00,25081.85,23795.03,1286.82,5.13
2026-04-02 08:00:00,25312.12,24448.48,863.63,3.412
2026-04-02 09:00:00,24963.62,24629.49,334.13,1.338
2026-04-02 10:00:00,24238.62,24521.57,282.95,1.167
2026-04-02 11:00:00,23841.76,24322.42,480.66,2.016
2026-04-02 12:00:00,23529.0,23836.04,307.04,1.305
2026-04-02 13:00:00,22364.0,23267.11,903.11,4.038
2026-04-02 14:00:00,21887.68,22730.4,842.72,3.85
2026-04-02 15:00:00,22028.86,22523.51,494.65,2.245
2026-04-02 16:00:00,23052.88,23084.68,31.8,0.138
2026-04-02 17:00:00,24347.27,24370.77,23.5,0.097
2026-04-02 18:00:00,26288.57,25340.22,948.35,3.607
2026-04-02 19:00:00,27859.98,25560.48,2299.51,8.254
2026-04-02 20:00:00,26522.16,24841.8,1680.36,6.336
2026-04-02 21:00:00,24555.94,23443.99,1111.96,4.528
2026-04-02 22:00:00,23030.42,22235.54,794.89,3.451
2026-04-02 23:00:00,21556.18,21159.66,396.52,1.839
2026-04-03 00:00:00,20376.49,20312.06,64.43,0.316
2026-04-03 01:00:00,19710.85,19613.24,97.61,0.495
2026-04-03 02:00:00,19460.05,19141.98,318.07,1.634
2026-04-03 03:00:00,19496.4,18928.77,567.63,2.911
2026-04-03 04:00:00,20173.92,19140.57,1033.34,5.122
2026-04-03 05:00:00,20935.72,19965.63,970.09,4.634
2026-04-03 06:00:00,21058.39,21118.52,60.12,0.286
2026-04-03 07:00:00,21866.31,22117.17,250.85,1.147
2026-04-03 08:00:00,21899.6,22632.76,733.17,3.348
2026-04-03 09:00:00,21368.48,22678.5,1310.02,6.131
2026-04-03 10:00:00,20728.67,22418.61,1689.94,8.153
2026-04-03 11:00:00,20518.78,22180.91,1662.13,8.101
2026-04-03 12:00:00,20278.05,21760.28,1482.23,7.31
2026-04-03 13:00:00,19259.69,21332.38,2072.69,10.762
2026-04-03 14:00:00,18884.54,20964.55,2080.01,11.014
2026-04-03 15:00:00,19303.87,20809.2,1505.33,7.798
2026-04-03 16:00:00,20552.23,21323.08,770.84,3.751
2026-04-03 17:00:00,21984.83,22632.24,647.41,2.945
2026-04-03 18:00:00,24286.99,23951.68,335.31,1.381
2026-04-03 19:00:00,26072.45,24542.77,1529.68,5.867
2026-04-03 20:00:00,25107.96,24316.12,791.84,3.154
2026-04-03 21:00:00,23442.77,22975.89,466.88,1.992
2026-04-03 22:00:00,22146.69,21705.94,440.75,1.99
2026-04-03 23:00:00,20733.71,20897.72,164.01,0.791
2026-04-04 00:00:00,19535.59,20159.33,623.73,3.193
2026-04-04 01:00:00,18802.68,19617.16,814.48,4.332
2026-04-04 02:00:00,18586.3,19264.1,677.8,3.647
2026-04-04 03:00:00,18799.72,19117.72,318.0,1.692
2026-04-04 04:00:00,19865.88,19364.16,501.72,2.526
2026-04-04 05:00:00,21020.04,20283.33,736.71,3.505
2026-04-04 06:00:00,21651.09,21518.77,132.32,0.611
2026-04-04 07:00:00,22194.5,22526.25,331.75,1.495
2026-04-04 08:00:00,22231.82,22972.17,740.35,3.33
2026-04-04 09:00:00,21547.26,22877.57,1330.31,6.174
2026-04-04 10:00:00,20703.63,22488.59,1784.96,8.621
2026-04-04 11:00:00,20531.22,22176.22,1645.0,8.012
2026-04-04 12:00:00,20270.43,21739.68,1469.25,7.248
2026-04-04 13:00:00,19480.18,21212.93,1732.75,8.895
2026-04-04 14:00:00,19117.21,20753.5,1636.29,8.559
2026-04-04 15:00:00,19552.19,20709.21,1157.02,5.918
2026-04-04 16:00:00,20789.22,21472.32,683.1,3.286
2026-04-04 17:00:00,22610.43,22967.45,357.02,1.579
2026-04-04 18:00:00,24875.35,24181.49,693.86,2.789
2026-04-04 19:00:00,26813.04,24535.68,2277.36,8.493
2026-04-04 20:00:00,25515.33,23825.64,1689.69,6.622
2026-04-04 21:00:00,23720.14,22642.09,1078.05,4.545
2026-04-04 22:00:00,21982.64,21552.51,430.13,1.957
2026-04-04 23:00:00,20454.06,20545.28,91.22,0.446
2026-04-05 00:00:00,19387.07,19688.51,301.44,1.555
2026-04-05 01:00:00,18740.82,19025.58,284.76,1.519
2026-04-05 02:00:00,18402.43,18621.27,218.85,1.189
2026-04-05 03:00:00,18301.8,18467.31,165.5,0.904
2026-04-05 04:00:00,18792.82,18827.12,34.3,0.183
2026-04-05 05:00:00,19429.89,19877.55,447.66,2.304
2026-04-05 06:00:00,19705.06,21120.63,1415.57,7.184
2026-04-05 07:00:00,20326.7,22179.49,1852.79,9.115
2026-04-05 08:00:00,20657.09,22743.53,2086.44,10.1
2026-04-05 09:00:00,20324.33,22826.85,2502.52,12.313
2026-04-05 10:00:00,19676.99,22634.5,2957.5,15.03
2026-04-05 11:00:00,19663.94,22445.91,2781.96,14.148
2026-04-05 12:00:00,19444.74,21981.72,2536.98,13.047
2026-04-05 13:00:00,18433.16,21367.4,2934.25,15.918
2026-04-05 14:00:00,18083.01,20710.04,2627.03,14.528
2026-04-05 15:00:00,18647.04,20619.53,1972.49,10.578
2026-04-05 16:00:00,20044.81,21557.04,1512.22,7.544
2026-04-05 17:00:00,21675.16,23272.42,1597.26,7.369
2026-04-05 18:00:00,24183.89,24538.34,354.45,1.466
2026-04-05 19:00:00,26397.77,24873.48,1524.29,5.774
2026-04-05 20:00:00,25349.78,24092.09,1257.69,4.961
2026-04-05 21:00:00,23185.02,22785.12,399.9,1.725
2026-04-05 22:00:00,21286.74,21511.51,224.77,1.056
2026-04-05 23:00:00,19874.02,20567.49,693.46,3.489
2026-04-06 00:00:00,18795.28,19894.92,1099.63,5.851
2026-04-06 01:00:00,18371.48,19353.16,981.68,5.343
2026-04-06 02:00:00,18194.28,19236.46,1042.18,5.728
2026-04-06 03:00:00,18644.78,19661.23,1016.45,5.452
2026-04-06 04:00:00,20432.65,20872.85,440.2,2.154
2026-04-06 05:00:00,22780.81,22520.46,260.35,1.143
2026-04-06 06:00:00,23678.92,23964.58,285.67,1.206
2026-04-06 07:00:00,23786.04,24723.92,937.87,3.943
2026-04-06 08:00:00,23345.21,24849.39,1504.19,6.443
2026-04-06 09:00:00,22726.59,24458.74,1732.15,7.622
2026-04-06 10:00:00,21912.96,24120.97,2208.01,10.076
2026-04-06 11:00:00,21933.05,23700.07,1767.03,8.056
2026-04-06 12:00:00,21641.31,23069.21,1427.9,6.598
2026-04-06 13:00:00,20740.79,22286.79,1546.01,7.454
2026-04-06 14:00:00,20680.79,21820.24,1139.45,5.51
2026-04-06 15:00:00,21379.45,22230.37,850.92,3.98
2026-04-06 16:00:00,22670.84,23631.87,961.03,4.239
2026-04-06 17:00:00,24415.33,25455.44,1040.11,4.26
2026-04-06 18:00:00,27268.21,26739.04,529.18,1.941
2026-04-06 19:00:00,29073.14,27158.8,1914.33,6.585
2026-04-06 20:00:00,26980.78,26072.05,908.73,3.368
2026-04-06 21:00:00,24243.67,24386.15,142.48,0.588
2026-04-06 22:00:00,22383.27,23022.87,639.6,2.858
2026-04-06 23:00:00,21125.74,22057.48,931.74,4.41
2026-04-07 00:00:00,20281.96,21367.75,1085.79,5.353
2026-04-07 01:00:00,20050.4,20843.52,793.12,3.956
2026-04-07 02:00:00,20043.48,20865.36,821.88,4.1
2026-04-07 03:00:00,20824.9,21527.69,702.79,3.375
2026-04-07 04:00:00,23806.53,23095.66,710.87,2.986
2026-04-07 05:00:00,27371.45,25121.86,2249.59,8.219
2026-04-07 06:00:00,28829.92,27016.99,1812.92,6.288
2026-04-07 07:00:00,28668.08,28285.6,382.48,1.334
2026-04-07 08:00:00,27828.75,28494.7,665.95,2.393
2026-04-07 09:00:00,27118.2,28015.3,897.1,3.308
2026-04-07 10:00:00,26761.52,27622.34,860.83,3.217
2026-04-07 11:00:00,26872.18,27228.0,355.83,1.324
2026-04-07 12:00:00,26530.29,26716.53,186.24,0.702
2026-04-07 13:00:00,25693.58,25925.39,231.81,0.902
2026-04-07 14:00:00,25597.21,25281.42,315.79,1.234
2026-04-07 15:00:00,25762.84,25413.32,349.52,1.357
2026-04-07 16:00:00,26974.8,26519.46,455.34,1.688
2026-04-07 17:00:00,28790.46,28077.1,713.36,2.478
2026-04-07 18:00:00,31099.01,29092.52,2006.49,6.452
2026-04-07 19:00:00,31834.54,29230.0,2604.53,8.181
2026-04-07 20:00:00,28970.95,27789.7,1181.25,4.077
2026-04-07 21:00:00,26297.73,25925.17,372.56,1.417
2026-04-07 22:00:00,24412.26,24436.11,23.85,0.098
2026-04-07 23:00:00,23183.89,23449.32,265.43,1.145
2026-04-08 00:00:00,22168.81,22691.72,522.91,2.359
2026-04-08 01:00:00,21768.27,22187.0,418.73,1.924
2026-04-08 02:00:00,21719.43,22364.32,644.89,2.969
2026-04-08 03:00:00,22376.58,23353.11,976.53,4.364
2026-04-08 04:00:00,25046.67,25171.04,124.36,0.497
2026-04-08 05:00:00,28651.23,26988.03,1663.2,5.805
2026-04-08 06:00:00,29985.25,28419.09,1566.16,5.223
2026-04-08 07:00:00,29776.1,29231.4,544.7,1.829
2026-04-08 08:00:00,28907.11,29229.63,322.52,1.116
2026-04-08 09:00:00,28224.72,28681.22,456.51,1.617
2026-04-08 10:00:00,27926.23,28323.3,397.08,1.422
2026-04-08 11:00:00,27899.44,27941.46,42.02,0.151
2026-04-08 12:00:00,27332.36,27408.63,76.27,0.279
2026-04-08 13:00:00,26452.3,26627.12,174.82,0.661
2026-04-08 14:00:00,25804.24,26095.1,290.86,1.127
2026-04-08 15:00:00,26232.21,26364.64,132.43,0.505
2026-04-08 16:00:00,26884.96,27598.8,713.84,2.655
2026-04-08 17:00:00,28693.87,29069.23,375.36,1.308
2026-04-08 18:00:00,31272.32,29842.11,1430.2,4.573
2026-04-08 19:00:00,32243.87,29814.06,2429.81,7.536
2026-04-08 20:00:00,29442.63,28386.7,1055.93,3.586
2026-04-08 21:00:00,26820.63,26408.77,411.86,1.536
2026-04-08 22:00:00,24771.66,24905.2,133.54,0.539
2026-04-08 23:00:00,23339.27,23896.36,557.09,2.387
2026-04-09 00:00:00,22381.56,23139.04,757.47,3.384
2026-04-09 01:00:00,21994.42,22611.25,616.83,2.804
2026-04-09 02:00:00,21852.67,22675.09,822.42,3.763
2026-04-09 03:00:00,22450.98,23535.84,1084.87,4.832
2026-04-09 04:00:00,25397.2,25304.89,92.31,0.363
2026-04-09 05:00:00,28866.2,27236.01,1630.18,5.647
2026-04-09 06:00:00,29926.19,28695.81,1230.37,4.111
2026-04-09 07:00:00,29346.65,29466.93,120.28,0.41
2026-04-09 08:00:00,28024.4,29384.96,1360.57,4.855
2026-04-09 09:00:00,27033.09,28629.94,1596.85,5.907
2026-04-09 10:00:00,26659.96,28043.88,1383.92,5.191
2026-04-09 11:00:00,26435.95,27516.61,1080.67,4.088
2026-04-09 12:00:00,25950.95,26947.5,996.56,3.84
2026-04-09 13:00:00,25150.55,26322.49,1171.94,4.66
2026-04-09 14:00:00,24911.62,25825.73,914.11,3.669
2026-04-09 15:00:00,25652.62,26083.43,430.81,1.679
2026-04-09 16:00:00,26756.46,27254.12,497.66,1.86
2026-04-09 17:00:00,28376.16,28697.01,320.85,1.131
2026-04-09 18:00:00,30995.78,29453.05,1542.73,4.977
2026-04-09 19:00:00,32406.69,29401.48,3005.21,9.273
2026-04-09 20:00:00,29640.2,28126.9,1513.3,5.106
2026-04-09 21:00:00,26677.54,26263.25,414.29,1.553
2026-04-09 22:00:00,24635.23,24851.11,215.88,0.876
2026-04-09 23:00:00,23277.46,23878.92,601.46,2.584
2026-04-10 00:00:00,22397.34,23263.82,866.49,3.869
2026-04-10 01:00:00,21980.67,22955.1,974.43,4.433
2026-04-10 02:00:00,21813.62,23060.6,1246.98,5.717
2026-04-10 03:00:00,22383.68,23647.95,1264.27,5.648
2026-04-10 04:00:00,24961.55,24925.34,36.22,0.145
2026-04-10 05:00:00,28248.48,26587.4,1661.08,5.88
2026-04-10 06:00:00,29420.82,27907.32,1513.51,5.144
2026-04-10 07:00:00,28836.4,28665.53,170.88,0.593
2026-04-10 08:00:00,27880.42,28687.54,807.12,2.895
2026-04-10 09:00:00,26907.8,28081.1,1173.3,4.36
2026-04-10 10:00:00,26528.19,27390.04,861.85,3.249
2026-04-10 11:00:00,26466.91,26840.38,373.47,1.411
2026-04-10 12:00:00,26215.15,26321.74,106.59,0.407
2026-04-10 13:00:00,25572.78,25834.56,261.78,1.024
2026-04-10 14:00:00,25272.61,25364.08,91.47,0.362
2026-04-10 15:00:00,25621.38,25374.45,246.93,0.964
2026-04-10 16:00:00,26684.51,26210.16,474.35,1.778
2026-04-10 17:00:00,27998.35,27420.13,578.22,2.065
2026-04-10 18:00:00,29855.21,28068.64,1786.57,5.984
2026-04-10 19:00:00,30813.64,28084.33,2729.31,8.857
2026-04-10 20:00:00,28394.03,27218.49,1175.54,4.14
2026-04-10 21:00:00,26211.71,25629.38,582.32,2.222
2026-04-10 22:00:00,24550.3,24313.92,236.38,0.963
2026-04-10 23:00:00,23132.21,23183.37,51.16,0.221
2026-04-11 00:00:00,21926.29,22319.03,392.74,1.791
2026-04-11 01:00:00,21172.83,21642.81,469.99,2.22
2026-04-11 02:00:00,20805.61,21173.26,367.65,1.767
2026-04-11 03:00:00,20641.1,20993.56,352.46,1.708
2026-04-11 04:00:00,21523.39,21295.35,228.04,1.06
2026-04-11 05:00:00,22529.28,22214.35,314.93,1.398
2026-04-11 06:00:00,23478.79,23296.02,182.77,0.778
2026-04-11 07:00:00,24783.55,24150.31,633.24,2.555
2026-04-11 08:00:00,25410.46,24624.23,786.23,3.094
2026-04-11 09:00:00,25363.0,24691.8,671.21,2.646
2026-04-11 10:00:00,24780.16,24537.64,242.52,0.979
2026-04-11 11:00:00,24906.82,24366.51,540.31,2.169
2026-04-11 12:00:00,24664.09,23816.91,847.18,3.435
2026-04-11 13:00:00,23705.27,23220.71,484.56,2.044
2026-04-11 14:00:00,22806.72,22902.42,95.7,0.42
2026-04-11 15:00:00,23179.18,22936.35,242.83,1.048
2026-04-11 16:00:00,23758.0,23747.57,10.43,0.044
2026-04-11 17:00:00,24578.72,25082.56,503.84,2.05
2026-04-11 18:00:00,26117.58,25870.95,246.63,0.944
2026-04-11 19:00:00,27453.87,25889.69,1564.18,5.697
2026-04-11 20:00:00,25915.64,25051.34,864.31,3.335
2026-04-11 21:00:00,23865.34,23621.91,243.42,1.02
2026-04-11 22:00:00,22140.77,22192.64,51.88,0.234
2026-04-11 23:00:00,20615.84,21014.66,398.82,1.935
2026-04-12 00:00:00,19713.19,19951.98,238.79,1.211
2026-04-12 01:00:00,19136.83,18956.75,180.08,0.941
2026-04-12 02:00:00,18872.88,18281.74,591.14,3.132
2026-04-12 03:00:00,18887.44,18059.06,828.38,4.386
2026-04-12 04:00:00,19330.47,18582.51,747.96,3.869
2026-04-12 05:00:00,19879.77,19810.87,68.9,0.347
2026-04-12 06:00:00,20500.65,21089.93,589.28,2.874
2026-04-12 07:00:00,22005.61,22037.71,32.11,0.146
2026-04-12 08:00:00,23324.88,22597.01,727.87,3.121
2026-04-12 09:00:00,23948.57,22871.84,1076.74,4.496
2026-04-12 10:00:00,23923.56,23060.57,862.99,3.607
2026-04-12 11:00:00,24225.67,23153.32,1072.36,4.427
2026-04-12 12:00:00,24119.87,22912.89,1206.98,5.004
2026-04-12 13:00:00,22649.33,22662.2,12.87,0.057
2026-04-12 14:00:00,21738.57,22293.56,554.99,2.553
2026-04-12 15:00:00,21788.77,22409.15,620.38,2.847
2026-04-12 16:00:00,22779.72,23399.31,619.59,2.72
2026-04-12 17:00:00,24030.44,25156.71,1126.27,4.687
2026-04-12 18:00:00,25910.88,26531.52,620.64,2.395
2026-04-12 19:00:00,27674.9,26780.89,894.01,3.23
2026-04-12 20:00:00,26374.88,25575.59,799.29,3.031
2026-04-12 21:00:00,24342.22,24043.55,298.68,1.227
2026-04-12 22:00:00,22346.36,22606.71,260.34,1.165
2026-04-12 23:00:00,21292.33,21620.61,328.28,1.542
2026-04-13 00:00:00,20450.42,21042.57,592.15,2.896
2026-04-13 01:00:00,19987.12,20708.78,721.65,3.611
2026-04-13 02:00:00,20140.01,20946.14,806.13,4.003
2026-04-13 03:00:00,20860.0,21871.44,1011.44,4.849
2026-04-13 04:00:00,23923.35,23834.24,89.11,0.372
2026-04-13 05:00:00,27608.5,26132.73,1475.77,5.345
2026-04-13 06:00:00,29200.52,27989.71,1210.81,4.147
2026-04-13 07:00:00,29167.71,29029.68,138.02,0.473
2026-04-13 08:00:00,28627.64,28995.27,367.63,1.284
2026-04-13 09:00:00,27867.94,28374.37,506.44,1.817
2026-04-13 10:00:00,27462.43,27972.09,509.66,1.856
2026-04-13 11:00:00,27294.88,27531.51,236.63,0.867
2026-04-13 12:00:00,26953.52,27006.85,53.33,0.198
2026-04-13 13:00:00,25874.45,26312.33,437.88,1.692
2026-04-13 14:00:00,25429.08,25777.04,347.97,1.368
2026-04-13 15:00:00,25815.13,26069.18,254.04,0.984
2026-04-13 16:00:00,26460.89,27415.09,954.19,3.606
2026-04-13 17:00:00,28254.56,29048.84,794.28,2.811
2026-04-13 18:00:00,30604.49,29921.07,683.43,2.233
2026-04-13 19:00:00,31979.04,29879.95,2099.09,6.564
2026-04-13 20:00:00,29073.48,28363.9,709.58,2.441
2026-04-13 21:00:00,26092.37,26226.39,134.02,0.514
2026-04-13 22:00:00,24182.65,24597.52,414.87,1.716
2026-04-13 23:00:00,22729.15,23493.19,764.04,3.362
2026-04-14 00:00:00,21823.87,22647.98,824.12,3.776
2026-04-14 01:00:00,21620.53,22041.37,420.84,1.946
2026-04-14 02:00:00,21541.16,22103.39,562.22,2.61
2026-04-14 03:00:00,22241.79,22954.93,713.14,3.206
2026-04-14 04:00:00,25098.42,24681.24,417.18,1.662
2026-04-14 05:00:00,28775.26,26625.08,2150.19,7.472
2026-04-14 06:00:00,30086.59,28305.09,1781.5,5.921
2026-04-14 07:00:00,29289.29,29324.86,35.57,0.121
2026-04-14 08:00:00,28217.74,29305.85,1088.12,3.856
2026-04-14 09:00:00,27190.7,28576.24,1385.54,5.096
2026-04-14 10:00:00,26874.37,28037.26,1162.89,4.327
2026-04-14 11:00:00,27106.37,27507.64,401.27,1.48
2026-04-14 12:00:00,26800.4,26912.71,112.3,0.419
2026-04-14 13:00:00,26048.68,26100.02,51.34,0.197
2026-04-14 14:00:00,25585.51,25532.89,52.62,0.206
2026-04-14 15:00:00,25955.58,25847.08,108.5,0.418
2026-04-14 16:00:00,26747.89,27168.59,420.7,1.573
2026-04-14 17:00:00,28351.43,28760.7,409.27,1.444
2026-04-14 18:00:00,30833.11,29627.9,1205.2,3.909
2026-04-14 19:00:00,31890.03,29669.93,2220.11,6.962
2026-04-14 20:00:00,29028.21,28226.54,801.67,2.762
2026-04-14 21:00:00,26246.1,26177.43,68.67,0.262
2026-04-14 22:00:00,24391.53,24616.17,224.64,0.921
2026-04-14 23:00:00,23023.5,23594.15,570.65,2.479
2026-04-15 00:00:00,22244.31,22834.11,589.8,2.651
2026-04-15 01:00:00,21895.44,22304.78,409.34,1.87
2026-04-15 02:00:00,21833.52,22379.2,545.68,2.499
2026-04-15 03:00:00,22531.93,23219.89,687.96,3.053
2026-04-15 04:00:00,25207.45,24922.13,285.31,1.132
2026-04-15 05:00:00,28761.26,26791.82,1969.44,6.848
2026-04-15 06:00:00,29770.38,28331.4,1438.98,4.834
2026-04-15 07:00:00,28779.65,29143.92,364.27,1.266
2026-04-15 08:00:00,27572.18,28937.95,1365.77,4.953
2026-04-15 09:00:00,26535.39,28146.98,1611.59,6.073
2026-04-15 10:00:00,26018.18,27584.6,1566.42,6.02
2026-04-15 11:00:00,25983.33,27008.99,1025.65,3.947
2026-04-15 12:00:00,25470.74,26270.99,800.24,3.142
2026-04-15 13:00:00,24796.2,25318.33,522.14,2.106
2026-04-15 14:00:00,24545.48,24737.08,191.6,0.781
2026-04-15 15:00:00,25179.44,25215.9,36.46,0.145
2026-04-15 16:00:00,25969.19,26749.03,779.84,3.003
2026-04-15 17:00:00,27958.1,28428.81,470.71,1.684
2026-04-15 18:00:00,30482.53,29297.45,1185.08,3.888
2026-04-15 19:00:00,31895.71,29295.21,2600.5,8.153
2026-04-15 20:00:00,29123.9,28018.92,1104.98,3.794
2026-04-15 21:00:00,26324.28,26139.93,184.35,0.7
2026-04-15 22:00:00,24334.49,24710.64,376.15,1.546
2026-04-15 23:00:00,23069.46,23754.72,685.27,2.97
2026-04-16 00:00:00,22197.79,23045.09,847.3,3.817
2026-04-16 01:00:00,21921.27,22550.43,629.16,2.87
2026-04-16 02:00:00,21842.65,22586.27,743.62,3.404
2026-04-16 03:00:00,22454.0,23387.71,933.71,4.158
2026-04-16 04:00:00,25108.57,25070.59,37.98,0.151
2026-04-16 05:00:00,28429.23,26928.65,1500.58,5.278
2026-04-16 06:00:00,29439.83,28331.37,1108.46,3.765
2026-04-16 07:00:00,28260.06,29019.22,759.16,2.686
2026-04-16 08:00:00,27240.81,28756.0,1515.19,5.562
2026-04-16 09:00:00,26516.25,27941.98,1425.74,5.377
2026-04-16 10:00:00,26084.12,27369.21,1285.09,4.927
2026-04-16 11:00:00,26046.96,26856.08,809.12,3.106
2026-04-16 12:00:00,25484.99,26295.44,810.45,3.18
2026-04-16 13:00:00,24850.38,25707.93,857.55,3.451
2026-04-16 14:00:00,24702.4,25265.77,563.38,2.281
2026-04-16 15:00:00,25302.42,25606.63,304.2,1.202
2026-04-16 16:00:00,26168.77,26847.33,678.56,2.593
2026-04-16 17:00:00,27999.42,28328.44,329.02,1.175
2026-04-16 18:00:00,30296.61,29141.24,1155.36,3.814
2026-04-16 19:00:00,31673.37,29081.3,2592.07,8.184
2026-04-16 20:00:00,29175.78,27839.18,1336.6,4.581
2026-04-16 21:00:00,26564.93,25953.44,611.49,2.302
2026-04-16 22:00:00,24790.74,24581.49,209.25,0.844
2026-04-16 23:00:00,23476.6,23662.78,186.17,0.793
2026-04-17 00:00:00,22590.91,23102.86,511.95,2.266
2026-04-17 01:00:00,22135.65,22841.28,705.63,3.188
2026-04-17 02:00:00,22094.94,22963.13,868.2,3.929
2026-04-17 03:00:00,22656.37,23526.39,870.02,3.84
2026-04-17 04:00:00,25322.43,24743.14,579.29,2.288
2026-04-17 05:00:00,28465.52,26441.76,2023.76,7.11
2026-04-17 06:00:00,29315.63,27836.83,1478.8,5.044
2026-04-17 07:00:00,28587.33,28599.46,12.13,0.042
2026-04-17 08:00:00,27498.58,28568.41,1069.83,3.89
2026-04-17 09:00:00,26672.49,27909.2,1236.71,4.637
2026-04-17 10:00:00,26141.13,27199.6,1058.46,4.049
2026-04-17 11:00:00,26006.95,26620.48,613.53,2.359
2026-04-17 12:00:00,25746.35,26064.25,317.9,1.235
2026-04-17 13:00:00,25168.57,25547.77,379.2,1.507
2026-04-17 14:00:00,25034.57,25082.4,47.83,0.191
2026-04-17 15:00:00,25337.26,25128.43,208.82,0.824
2026-04-17 16:00:00,26395.12,26007.97,387.14,1.467
2026-04-17 17:00:00,28029.21,27250.49,778.72,2.778
2026-04-17 18:00:00,29421.56,27965.31,1456.24,4.95
2026-04-17 19:00:00,30635.32,27960.44,2674.88,8.731
2026-04-17 20:00:00,28294.96,27130.5,1164.46,4.115
2026-04-17 21:00:00,26110.38,25539.38,571.0,2.187
2026-04-17 22:00:00,24623.61,24227.27,396.34,1.61
2026-04-17 23:00:00,23100.21,23118.74,18.53,0.08
2026-04-18 00:00:00,21965.46,22267.8,302.33,1.376
2026-04-18 01:00:00,21419.41,21608.59,189.18,0.883
2026-04-18 02:00:00,20942.67,21165.03,222.36,1.062
2026-04-18 03:00:00,20998.19,21003.96,5.77,0.027
2026-04-18 04:00:00,21708.02,21317.01,391.02,1.801
2026-04-18 05:00:00,22471.4,22248.66,222.73,0.991
2026-04-18 06:00:00,23213.47,23328.12,114.65,0.494
2026-04-18 07:00:00,23750.54,24145.41,394.87,1.663
2026-04-18 08:00:00,23991.26,24492.23,500.98,2.088
2026-04-18 09:00:00,23363.53,24393.81,1030.29,4.41
2026-04-18 10:00:00,22846.12,24025.74,1179.62,5.163
2026-04-18 11:00:00,22990.99,23639.75,648.76,2.822
2026-04-18 12:00:00,22537.77,22962.05,424.28,1.883
2026-04-18 13:00:00,21357.25,22263.26,906.01,4.242
2026-04-18 14:00:00,21150.18,21821.35,671.18,3.173
2026-04-18 15:00:00,21535.41,21933.08,397.68,1.847
2026-04-18 16:00:00,22632.48,22977.53,345.04,1.525
2026-04-18 17:00:00,23992.49,24417.37,424.88,1.771
2026-04-18 18:00:00,25657.32,25207.09,450.22,1.755
2026-04-18 19:00:00,27260.62,25203.53,2057.1,7.546
2026-04-18 20:00:00,25818.18,24368.48,1449.71,5.615
2026-04-18 21:00:00,24065.42,23102.43,962.99,4.002
2026-04-18 22:00:00,22448.46,21893.49,554.97,2.472
2026-04-18 23:00:00,20962.52,20857.52,104.99,0.501
2026-04-19 00:00:00,20071.77,19896.12,175.65,0.875
2026-04-19 01:00:00,19406.87,18995.45,411.42,2.12
2026-04-19 02:00:00,19054.84,18390.26,664.58,3.488
2026-04-19 03:00:00,19052.59,18177.46,875.13,4.593
2026-04-19 04:00:00,19515.08,18677.01,838.07,4.294
2026-04-19 05:00:00,19634.85,19906.31,271.46,1.383
2026-04-19 06:00:00,19758.58,21176.68,1418.1,7.177
2026-04-19 07:00:00,20516.49,22069.39,1552.9,7.569
2026-04-19 08:00:00,21342.53,22451.65,1109.12,5.197
2026-04-19 09:00:00,21410.91,22498.24,1087.33,5.078
2026-04-19 10:00:00,20863.93,22391.76,1527.83,7.323
2026-04-19 11:00:00,20888.33,22203.86,1315.53,6.298
2026-04-19 12:00:00,20753.77,21659.69,905.92,4.365
2026-04-19 13:00:00,19708.69,21118.86,1410.17,7.155
2026-04-19 14:00:00,19563.94,20598.88,1034.95,5.29
2026-04-19 15:00:00,20171.89,20957.72,785.83,3.896
2026-04-19 16:00:00,21354.33,22425.45,1071.11,5.016
2026-04-19 17:00:00,22931.71,24517.97,1586.26,6.917
2026-04-19 18:00:00,25171.12,25993.55,822.43,3.267
2026-04-19 19:00:00,27248.76,26331.15,917.61,3.368
2026-04-19 20:00:00,26185.85,25209.08,976.77,3.73
2026-04-19 21:00:00,24035.23,23771.87,263.36,1.096
2026-04-19 22:00:00,22201.96,22426.01,224.06,1.009
2026-04-19 23:00:00,21038.77,21505.8,467.04,2.22
2026-04-20 00:00:00,20401.05,20964.84,563.79,2.764
2026-04-20 01:00:00,20086.91,20659.35,572.45,2.85
2026-04-20 02:00:00,20139.47,20851.18,711.71,3.534
2026-04-20 03:00:00,21006.79,21712.0,705.21,3.357
2026-04-20 04:00:00,24045.2,23600.88,444.32,1.848
2026-04-20 05:00:00,27106.36,25902.02,1204.34,4.443
2026-04-20 06:00:00,28209.85,27723.82,486.03,1.723
2026-04-20 07:00:00,27345.54,28623.71,1278.17,4.674
2026-04-20 08:00:00,26541.85,28323.12,1781.27,6.711
2026-04-20 09:00:00,26216.68,27501.82,1285.14,4.902
2026-04-20 10:00:00,26147.18,27015.7,868.52,3.322
2026-04-20 11:00:00,26188.73,26541.91,353.19,1.349
2026-04-20 12:00:00,25868.41,26007.98,139.57,0.54
2026-04-20 13:00:00,25309.31,25336.08,26.76,0.106
2026-04-20 14:00:00,25297.21,24894.75,402.46,1.591
2026-04-20 15:00:00,25934.06,25370.55,563.52,2.173
2026-04-20 16:00:00,26742.55,26918.63,176.07,0.658
2026-04-20 17:00:00,28321.57,28690.94,369.37,1.304
2026-04-20 18:00:00,30356.92,29622.78,734.13,2.418
2026-04-20 19:00:00,31421.13,29531.79,1889.34,6.013
2026-04-20 20:00:00,28536.04,27904.61,631.43,2.213
2026-04-20 21:00:00,25867.82,25859.77,8.05,0.031
2026-04-20 22:00:00,24198.6,24324.98,126.38,0.522
2026-04-20 23:00:00,22781.9,23304.96,523.05,2.296
2026-04-21 00:00:00,22042.02,22511.93,469.9,2.132
2026-04-21 01:00:00,21770.04,21979.62,209.58,0.963
2026-04-21 02:00:00,21736.99,22125.29,388.3,1.786
2026-04-21 03:00:00,22308.89,23073.87,764.98,3.429
2026-04-21 04:00:00,24984.93,24875.89,109.04,0.436
2026-04-21 05:00:00,27864.95,26767.37,1097.58,3.939
2026-04-21 06:00:00,28667.36,28226.73,440.63,1.537
2026-04-21 07:00:00,27880.31,28903.03,1022.72,3.668
2026-04-21 08:00:00,26843.32,28614.01,1770.69,6.596
2026-04-21 09:00:00,26194.65,27791.56,1596.91,6.096
2026-04-21 10:00:00,26151.83,27262.16,1110.33,4.246
2026-04-21 11:00:00,26491.04,26749.67,258.62,0.976
2026-04-21 12:00:00,26633.37,26171.38,461.99,1.735
2026-04-21 13:00:00,26144.0,25457.31,686.69,2.627
2026-04-21 14:00:00,26098.29,25053.21,1045.08,4.004
2026-04-21 15:00:00,26746.32,25597.35,1148.97,4.296
2026-04-21 16:00:00,27317.22,27138.7,178.52,0.653
2026-04-21 17:00:00,28504.72,28828.14,323.43,1.135
2026-04-21 18:00:00,30616.26,29672.95,943.31,3.081
2026-04-21 19:00:00,31490.08,29592.64,1897.44,6.026
2026-04-21 20:00:00,28548.38,27999.73,548.65,1.922
2026-04-21 21:00:00,25809.91,25918.89,108.99,0.422
2026-04-21 22:00:00,24163.56,24337.28,173.71,0.719
2026-04-21 23:00:00,23045.01,23334.27,289.27,1.255
2026-04-22 00:00:00,22131.67,22617.94,486.28,2.197
2026-04-22 01:00:00,21661.43,22152.26,490.83,2.266
2026-04-22 02:00:00,21541.8,22271.18,729.39,3.386
2026-04-22 03:00:00,22211.95,23116.04,904.09,4.07
2026-04-22 04:00:00,24845.33,24782.02,63.3,0.255
2026-04-22 05:00:00,27890.84,26584.17,1306.67,4.685
2026-04-22 06:00:00,28770.51,27988.17,782.33,2.719
2026-04-22 07:00:00,27971.14,28645.29,674.15,2.41
2026-04-22 08:00:00,27026.08,28376.66,1350.59,4.997
2026-04-22 09:00:00,26425.7,27651.21,1225.5,4.638
2026-04-22 10:00:00,26163.04,27185.02,1021.98,3.906
2026-04-22 11:00:00,25984.89,26744.21,759.31,2.922
2026-04-22 12:00:00,25742.46,26112.23,369.77,1.436
2026-04-22 13:00:00,25069.91,25262.34,192.43,0.768
2026-04-22 14:00:00,24894.68,24694.63,200.05,0.804
2026-04-22 15:00:00,25531.93,25075.02,456.91,1.79
2026-04-22 16:00:00,26499.13,26505.16,6.03,0.023
2026-04-22 17:00:00,28040.08,28194.84,154.76,0.552
2026-04-22 18:00:00,29982.53,29059.04,923.49,3.08
2026-04-22 19:00:00,31385.46,28941.34,2444.12,7.787
2026-04-22 20:00:00,28663.62,27559.24,1104.38,3.853
2026-04-22 21:00:00,25951.83,25717.77,234.06,0.902
2026-04-22 22:00:00,24219.35,24316.52,97.16,0.401
2026-04-22 23:00:00,22945.51,23413.81,468.3,2.041
2026-04-23 00:00:00,22034.63,22769.31,734.68,3.334
2026-04-23 01:00:00,21631.93,22344.12,712.18,3.292
2026-04-23 02:00:00,21547.7,22418.8,871.1,4.043
2026-04-23 03:00:00,22044.45,23193.49,1149.04,5.212
2026-04-23 04:00:00,24307.02,24796.69,489.67,2.015
2026-04-23 05:00:00,26927.93,26561.05,366.88,1.362
2026-04-23 06:00:00,27840.91,27788.96,51.95,0.187
2026-04-23 07:00:00,27271.77,28281.92,1010.15,3.704
2026-04-23 08:00:00,26566.09,28010.61,1444.52,5.437
2026-04-23 09:00:00,25941.9,27287.08,1345.18,5.185
2026-04-23 10:00:00,25743.74,26735.1,991.36,3.851
2026-04-23 11:00:00,25704.68,26283.62,578.94,2.252
2026-04-23 12:00:00,25432.42,25752.7,320.28,1.259
2026-04-23 13:00:00,24609.25,25218.53,609.28,2.476
2026-04-23 14:00:00,24708.41,24765.47,57.06,0.231
2026-04-23 15:00:00,25218.31,25053.7,164.61,0.653
2026-04-23 16:00:00,26070.61,26256.83,186.23,0.714
2026-04-23 17:00:00,27358.9,27810.63,451.73,1.651
2026-04-23 18:00:00,29317.1,28661.85,655.25,2.235
2026-04-23 19:00:00,30612.37,28572.52,2039.85,6.663
2026-04-23 20:00:00,28173.57,27290.09,883.48,3.136
2026-04-23 21:00:00,25722.44,25363.47,358.96,1.396
2026-04-23 22:00:00,24094.96,23970.51,124.44,0.516
2026-04-23 23:00:00,22621.46,23041.78,420.32,1.858
2026-04-24 00:00:00,21899.51,22494.45,594.94,2.717
2026-04-24 01:00:00,21465.55,22262.89,797.35,3.715
2026-04-24 02:00:00,21510.45,22421.77,911.32,4.237
2026-04-24 03:00:00,22017.86,22996.79,978.93,4.446
2026-04-24 04:00:00,24456.33,24181.57,274.76,1.123
2026-04-24 05:00:00,27193.64,25852.04,1341.6,4.933
2026-04-24 06:00:00,28454.57,27207.92,1246.65,4.381
2026-04-24 07:00:00,28549.8,28010.2,539.61,1.89
2026-04-24 08:00:00,28095.47,28145.22,49.75,0.177
2026-04-24 09:00:00,27604.1,27677.97,73.87,0.268
2026-04-24 10:00:00,27269.62,27084.44,185.18,0.679
2026-04-24 11:00:00,26893.03,26629.27,263.76,0.981
2026-04-24 12:00:00,26293.6,26179.69,113.91,0.433
2026-04-24 13:00:00,25553.97,25729.19,175.21,0.686
2026-04-24 14:00:00,25364.89,25241.82,123.07,0.485
2026-04-24 15:00:00,25809.82,25189.73,620.09,2.403
2026-04-24 16:00:00,26511.8,25973.62,538.18,2.03
2026-04-24 17:00:00,27370.01,27162.29,207.72,0.759
2026-04-24 18:00:00,28755.69,27776.54,979.15,3.405
2026-04-24 19:00:00,29695.93,27705.22,1990.71,6.704
2026-04-24 20:00:00,27646.49,26852.54,793.95,2.872
2026-04-24 21:00:00,25460.63,25298.93,161.7,0.635
2026-04-24 22:00:00,23888.64,23974.99,86.35,0.361
2026-04-24 23:00:00,22605.55,22791.76,186.21,0.824
2026-04-25 00:00:00,21540.81,21867.79,326.99,1.518
2026-04-25 01:00:00,20967.38,21171.43,204.05,0.973
2026-04-25 02:00:00,20571.95,20730.84,158.89,0.772
2026-04-25 03:00:00,20619.57,20597.35,22.23,0.108
2026-04-25 04:00:00,21281.12,20940.59,340.53,1.6
2026-04-25 05:00:00,21923.44,21886.83,36.62,0.167
2026-04-25 06:00:00,22837.69,22925.39,87.71,0.384
2026-04-25 07:00:00,24045.63,23693.13,352.5,1.466
2026-04-25 08:00:00,24193.09,24073.98,119.11,0.492
2026-04-25 09:00:00,23797.98,24001.25,203.27,0.854
2026-04-25 10:00:00,23271.46,23674.95,403.49,1.734
2026-04-25 11:00:00,23446.9,23378.53,68.38,0.292
2026-04-25 12:00:00,23075.25,22809.02,266.24,1.154
2026-04-25 13:00:00,21945.52,22200.53,255.01,1.162
2026-04-25 14:00:00,21186.39,21839.76,653.37,3.084
2026-04-25 15:00:00,21405.92,21897.46,491.54,2.296
2026-04-25 16:00:00,22222.87,22742.08,519.22,2.336
2026-04-25 17:00:00,23333.17,24111.62,778.45,3.336
2026-04-25 18:00:00,24971.16,24951.73,19.44,0.078
2026-04-25 19:00:00,26872.29,25012.03,1860.26,6.923
2026-04-25 20:00:00,25536.28,24262.38,1273.9,4.989
2026-04-25 21:00:00,23725.22,22997.57,727.65,3.067
2026-04-25 22:00:00,22036.47,21751.87,284.6,1.292
2026-04-25 23:00:00,20723.27,20687.18,36.09,0.174
2026-04-26 00:00:00,19834.2,19728.68,105.52,0.532
2026-04-26 01:00:00,19337.65,18823.87,513.78,2.657
2026-04-26 02:00:00,19021.09,18208.99,812.1,4.269
2026-04-26 03:00:00,19023.32,17970.98,1052.34,5.532
2026-04-26 04:00:00,19395.92,18407.33,988.59,5.097
2026-04-26 05:00:00,19350.06,19595.88,245.82,1.27
2026-04-26 06:00:00,19826.97,20855.17,1028.2,5.186
2026-04-26 07:00:00,20440.12,21807.28,1367.16,6.689
2026-04-26 08:00:00,20773.73,22236.54,1462.81,7.042
2026-04-26 09:00:00,20645.6,22272.84,1627.24,7.882
2026-04-26 10:00:00,20575.36,22109.57,1534.21,7.457
2026-04-26 11:00:00,20845.71,21913.71,1068.0,5.123
2026-04-26 12:00:00,20618.55,21405.19,786.64,3.815
2026-04-26 13:00:00,19584.5,20901.9,1317.4,6.727
2026-04-26 14:00:00,19283.07,20406.86,1123.78,5.828
2026-04-26 15:00:00,19806.88,20745.99,939.1,4.741
2026-04-26 16:00:00,21165.02,22158.37,993.35,4.693
2026-04-26 17:00:00,22678.48,24234.87,1556.39,6.863
2026-04-26 18:00:00,24777.35,25743.31,965.96,3.899
2026-04-26 19:00:00,27009.89,26106.39,903.5,3.345
2026-04-26 20:00:00,26002.93,25024.42,978.51,3.763
2026-04-26 21:00:00,23925.45,23600.39,325.05,1.359
2026-04-26 22:00:00,22240.3,22274.19,33.88,0.152
2026-04-26 23:00:00,21108.61,21380.69,272.07,1.289
2026-04-27 00:00:00,20275.04,20870.8,595.76,2.938
2026-04-27 01:00:00,20051.87,20581.14,529.27,2.64
2026-04-27 02:00:00,20115.27,20762.38,647.11,3.217
2026-04-27 03:00:00,20958.02,21592.16,634.14,3.026
2026-04-27 04:00:00,23758.29,23435.55,322.74,1.358
2026-04-27 05:00:00,26716.37,25724.48,991.89,3.713
2026-04-27 06:00:00,27750.01,27533.03,216.98,0.782
2026-04-27 07:00:00,27534.04,28413.63,879.59,3.195
2026-04-27 08:00:00,27039.12,28206.62,1167.5,4.318
2026-04-27 09:00:00,26290.95,27494.74,1203.79,4.579
2026-04-27 10:00:00,25937.19,27018.06,1080.88,4.167
2026-04-27 11:00:00,26051.83,26539.8,487.97,1.873
2026-04-27 12:00:00,25775.55,25986.16,210.6,0.817
2026-04-27 13:00:00,25127.01,25303.19,176.18,0.701
2026-04-27 14:00:00,24993.34,24821.59,171.75,0.687
2026-04-27 15:00:00,25653.21,25235.01,418.21,1.63
2026-04-27 16:00:00,26402.46,26739.24,336.78,1.276
2026-04-27 17:00:00,27979.88,28506.36,526.48,1.882
2026-04-27 18:00:00,29911.24,29450.8,460.45,1.539
2026-04-27 19:00:00,30981.23,29369.88,1611.35,5.201
2026-04-27 20:00:00,28508.03,27781.48,726.55,2.549
2026-04-27 21:00:00,25803.33,25755.17,48.16,0.187
2026-04-27 22:00:00,24081.86,24235.59,153.73,0.638
2026-04-27 23:00:00,22811.95,23218.02,406.07,1.78
2026-04-28 00:00:00,21973.82,22444.89,471.07,2.144
2026-04-28 01:00:00,21654.77,21915.81,261.04,1.205
2026-04-28 02:00:00,21512.84,22040.96,528.13,2.455
2026-04-28 03:00:00,22123.93,22948.18,824.25,3.726
2026-04-28 04:00:00,24622.32,24718.43,96.11,0.39
2026-04-28 05:00:00,27309.17,26591.94,717.23,2.626
2026-04-28 06:00:00,28469.29,27997.16,472.12,1.658
2026-04-28 07:00:00,27909.01,28678.88,769.86,2.758
2026-04-28 08:00:00,27089.53,28465.86,1376.32,5.081
2026-04-28 09:00:00,26493.72,27732.82,1239.1,4.677
2026-04-28 10:00:00,26296.32,27253.71,957.38,3.641
2026-04-28 11:00:00,26497.89,26792.37,294.48,1.111
2026-04-28 12:00:00,26055.7,26230.08,174.38,0.669
2026-04-28 13:00:00,25371.69,25442.6,70.91,0.28
2026-04-28 14:00:00,25298.11,24866.15,431.96,1.707
2026-04-28 15:00:00,25557.0,25247.16,309.83,1.212
2026-04-28 16:00:00,26835.93,26644.28,191.65,0.714
2026-04-28 17:00:00,28327.85,28395.78,67.93,0.24
2026-04-28 18:00:00,30259.01,29383.99,875.01,2.892
2026-04-28 19:00:00,31367.74,29379.64,1988.1,6.338
2026-04-28 20:00:00,28583.12,27886.0,697.13,2.439
2026-04-28 21:00:00,26001.86,25844.99,156.86,0.603
2026-04-28 22:00:00,24280.55,24321.62,41.06,0.169
